Subject,Group,Age,Gender,StandardProblem,CBType,StandardAcc,StandardResp,ControlAcc,ControlResp,StandardRT,ControlRT,StandardConfidence,ControlConfidence,StandardOpinion,ControlOpinion,StandardRecall,ControlRecall,StandardMC,ControlMC,LogStandardRT,LogControlRT,LogRTdiff,Confdiff,Opindiff
1,SONA,21,Male,PE,2b,1,0.05,1,0.9,13.779,12.76,0.95,0.98,0.98,0.75,1,0,1,0,1.169645049,1.138618434,0.031026615,-0.03,0.23
2,SONA,18,Male,PE,1a,0,0.1,1,0.9,11.926,9.231,1,1,0.9,0.9,1,0,1,0,1.111464152,1.009918085,0.101546067,0,0
3,SONA,18,Male,BM,1b,1,0.45,1,0.1,7.281,4.665,1,1,0.6,1,1,0,1,0,0.918082785,0.753199914,0.16488287,0,-0.4
4,SONA,20,Male,BM,2a,1,0.45,1,0.1,20.49,8.069,0.9,1,0.75,0.5,1,0,1,0,1.332236415,0.957559402,0.374677014,-0.1,0.25
5,SONA,19,Female,PE,2b,0,0.1,1,0.9,294.315,12.639,0.5,0.85,0.8,0.9,1,0,1,0,2.470285507,1.134782529,1.335502977,-0.35,-0.1
6,SONA,19,Female,PE,1a,0,0.1,1,0.9,26.09,6.12,1,1,0.9,1,0,0,0,0,1.432809005,0.852479994,0.580329011,0,-0.1
7,SONA,18,Female,BM,1b,0,0.9,1,0.1,19.572,19.633,1,1,0.8,0.9,0,0,0,0,1.313276516,1.314562378,-0.001285863,0,-0.1
8,SONA,20,Female,PE,2b,0,0.1,1,0.9,9.46,14.582,1,1,0.9,0.9,0,0,1,0,1.019531685,1.1926232,-0.173091515,0,0
9,SONA,19,Male,BM,2a,1,0.45,1,0.1,31.759,31.026,0.9,1,0.8,1,1,0,1,0,1.515330636,1.505502699,0.009827937,-0.1,-0.2
10,SONA,18,Male,PE,1a,0,0.1,1,0.9,17.262,22.057,1,1,0.75,1,1,0,1,0,1.261548338,1.3628028,-0.101254461,0,-0.25
11,SONA,19,Female,BM,2a,0,2.45,1,0.1,57.455,12.298,0.9,0.9,0.55,0.98,NA,NA,1,1,1.766821665,1.123786329,0.643035336,0,-0.43
12,SONA,19,Female,PE,1a,1,0.05,1,0.9,115.178,19.368,0.55,1,0.45,0.95,1,0,1,0,2.065123896,1.308948386,0.75617551,-0.45,-0.5
13,SONA,19,Female,BM,1b,0,0.9,1,0.1,47.139,15.534,0.8,1,0.8,0.85,0,0,1,0,1.682497064,1.218377933,0.464119131,-0.2,-0.05
14,SONA,18,Male,PE,2b,1,0.05,1,0.9,45.717,39.895,1,1,0.7,0.99,1,0,1,0,1.669474946,1.611670213,0.057804734,0,-0.29
15,SONA,22,Female,PE,1a,1,0.05,1,0.9,53.242,17.083,0.99,0.99,0.99,0.99,1,0,1,0,1.734335694,1.257270482,0.477065212,0,0
16,SONA,19,Female,BM,2a,0,0.9,1,0.1,30.054,8.402,0.7,1,0.7,0.9,1,NA,1,1,1.492117549,0.973220247,0.518897302,-0.3,-0.2
17,SONA,20,Female,PE,2b,0,0.1,1,0.9,4.855,9.738,1,0.9,0.99,0.9,NA,NA,0,1,0.767526899,1.0309234,-0.2633965,0.1,0.09
18,SONA,18,Female,BM,1b,1,0.45,1,0.1,55.959,7.611,1,1,0.9,0.95,1,0,1,0,1.755562356,0.935053589,0.820508767,0,-0.05
19,SONA,18,Female,PE,1a,0,0.1,1,0.9,13.72,10.222,0.99,1,0.99,1,1,0,1,0,1.16790781,1.050070264,0.117837546,-0.01,-0.01
20,SONA,18,Female,PE,2b,0,0.1,1,0.9,14.799,12.34,0.9,1,0.7,0.8,1,0,1,0,1.198629599,1.12515583,0.07347377,-0.1,-0.1
21,SONA,18,Female,BM,1b,1,0.45,1,0.1,49.955,12.365,1,1,1,0.86,1,0,1,0,1.707186806,1.125968963,0.581217843,0,0.14
22,SONA,19,Male,PE,2b,1,0.05,1,0.9,19.454,9.937,1,1,0.8,0.99,1,0,1,0,1.310778252,1.038898212,0.271880039,0,-0.19
23,SONA,18,Female,PE,1a,0,0.1,1,0.9,13.376,8.818,1,1,0.95,0.95,NA,NA,1,0,1.157638064,0.992023028,0.165615036,0,0
24,SONA,18,Female,BM,2a,0,0.9,1,0.1,28.83,10.881,1,1,0.8,0.99,1,0,1,0,1.474653253,1.074852996,0.399800257,0,-0.19
25,SONA,20,Female,PE,2b,0,0.1,1,0.9,10.755,12.235,1,1,0.9,0.9,NA,NA,1,0,1.070222633,1.121723946,-0.051501312,0,0
26,SONA,19,Male,BM,1b,1,0.45,1,0.1,144.208,22.694,1,1,0.9,0.98,NA,NA,1,0,2.161990544,1.374638384,0.78735216,0,-0.08
27,SONA,19,Female,PE,2b,0,0.1,1,0.9,38.809,21.106,0.9,0.9,0.5,0.7,1,0,1,0,1.599981268,1.344510166,0.255471103,0,-0.2
28,SONA,19,Male,BM,1b,1,0.45,1,0.1,51.34,7.673,1,1,0.94,0.98,1,0,1,1,1.718833718,0.938169346,0.780664372,0,-0.04
29,SONA,18,Female,BM,2a,0,0.9,1,0.1,32.448,35.881,0.9,0.9,0.75,0.8,NA,NA,1,0,1.524370155,1.566802688,-0.042432534,0,-0.05
30,SONA,19,Female,PE,1a,0,0.1,1,0.9,13.148,9.652,0.98,0.98,0.98,0.98,1,0,1,0,1.150695051,1.027431158,0.123263893,0,0
31,SONA,18,Male,PE,1a,0,0.1,1,0.9,6.956,13.407,1,1,0.98,0.98,1,0,1,0,0.900694774,1.158573556,-0.257878782,0,0
32,SONA,18,Female,BM,1b,1,0.45,1,0.1,99.475,12.469,0.7,1,0.8,1,1,0,1,0,2.002058015,1.129335353,0.872722662,-0.3,-0.2
33,SONA,19,Female,BM,2a,0,0.9,1,0.1,22.739,10.902,0.4,1,0.7,0.98,1,0,1,0,1.37546242,1.075619946,0.299842475,-0.6,-0.28
34,SONA,19,Female,PE,2b,0,0.1,1,0.9,18.767,23.506,0.99,0.99,0.98,0.99,1,0,1,0,1.295940762,1.389272429,-0.093331667,0,-0.01
35,SONA,19,Female,BM,1b,1,0.45,1,0.1,139.803,13.832,0.8,1,0.7,0.9,1,0,1,0,2.148611908,1.171199717,0.977412191,-0.2,-0.2
36,SONA,19,Male,BM,2a,0,0.9,1,0.1,9.324,7.132,1,1,0.85,0.9,NA,NA,0,1,1.013847996,0.91019737,0.103650626,0,-0.05
37,SONA,19,Female,PE,1a,1,0.05,1,0.9,110.055,12.978,0.5,0.8,0.6,0.9,1,NA,1,0,2.045538116,1.145445036,0.90009308,-0.3,-0.3
38,SONA,19,Female,PE,2b,1,0.05,1,0.9,231.549,17.233,0.7,0.8,0.6,0.6,1,0,1,0,2.366514476,1.260858132,1.105656344,-0.1,0
39,SONA,19,Male,BM,1b,1,0.45,1,0.1,259.042,40.537,1,1,0.5,1,1,0,1,0,2.415043498,1.618435127,0.796608371,0,-0.5
40,SONA,18,Male,BM,1b,1,0.45,1,0.1,109.75,7.74,0.95,1,0.75,0.95,1,NA,1,0,2.044343735,0.941511433,1.102832302,-0.05,-0.2
41,SONA,19,Male,PE,2b,1,0.05,1,0.9,31.302,11.145,1,1,0.95,0.6,NA,NA,1,0,1.509229413,1.084397519,0.424831894,0,0.35
42,SONA,19,Female,PE,1a,0,0.1,1,0.9,8.923,7.544,1,1,0.8,0.8,NA,NA,1,1,0.996642991,0.93166124,0.064981752,0,0
43,SONA,21,Male,BM,2a,1,0.45,1,0.1,28.43,13.826,1,1,0.5,1,NA,NA,1,0,1.468790262,1.171023996,0.297766266,0,-0.5
44,SONA,18,Male,BM,2a,0,0.9,1,0.1,44.631,41.771,1,0.6,0.99,0.6,NA,NA,1,0,1.659259986,1.631149404,0.028110582,0.4,0.39
45,SONA,24,Male,PE,2b,0,0.1,1,0.9,28.594,12.215,1,1,0.9,0.95,NA,NA,1,0,1.471203669,1.121067167,0.350136502,0,-0.05
46,SONA,21,Male,BM,1b,0,0.9,1,0.1,20.24,10.253,1,0.8,1,0.5,NA,NA,1,0,1.327154512,1.051268319,0.275886194,0.2,0.5
47,SONA,19,Female,PE,1a,0,0.1,1,0.9,8.843,24.995,1,1,0.99,0.99,NA,NA,1,0,0.993127485,1.414889822,-0.421762337,0,0
48,SONA,18,Female,PE,2b,0,0.1,1,0.9,10.975,12.545,0.95,0.95,0.9,0.9,NA,NA,1,0,1.078275522,1.131779009,-0.053503487,0,0
49,SONA,19,Male,PE,1a,0,0.1,1,0.9,9.149,12.46,1,1,0.99,0.99,NA,NA,1,0,1.006423253,1.12904506,-0.122621807,0,0
50,SONA,19,Female,BM,1b,0,0.9,1,0.1,7.257,9.861,1,1,0.9,0.95,0,0,0,0,0.916822285,1.035869814,-0.119047529,0,-0.05
51,SONA,20,Female,BM,2a,0,0.9,1,0.1,13.505,9.853,1,1,0.95,0.95,0,0,0,0,1.161517733,1.035549803,0.12596793,0,0
52,SONA,20,Male,PE,1a,1,0.05,1,0.9,32.523,16.502,0.99,1,0.9,0.99,1,0,1,0,1.525342877,1.24308768,0.282255198,-0.01,-0.09
53,SONA,19,Other,BM,1b,0,0.9,1,0.1,146.6,117.327,0,0.75,0.5,0.5,1,0,1,0,2.169086357,2.073083854,0.096002504,-0.75,0
54,SONA,21,Male,PE,2b,1,0.05,1,0.9,30.605,21.319,0.9,0.9,0.6,0.8,1,NA,1,0,1.499755795,1.348674732,0.151081062,0,-0.2
55,SONA,19,Male,BM,2a,0,0.9,1,0.1,12.09,6.78,1,1,0.8,0.8,0,0,0,0,1.116939647,0.890979597,0.22596005,0,0
56,SONA,18,Female,BM,2a,0,0.9,1,0.1,68.854,10.713,1,1,0.75,1,NA,NA,1,0,1.84419128,1.068668143,0.775523137,0,-0.25
57,SONA,18,Female,PE,2b,0,0.1,1,0.9,41.453,16.655,0.98,1,0.9,0.9,1,1,1,0,1.627908386,1.246867722,0.381040664,-0.02,0
58,SONA,20,Female,PE,1a,0,0.1,1,0.9,16.884,5.844,1,1,0.85,0.85,1,0,1,0,1.252464661,0.835310001,0.41715466,0,0
59,SONA,18,Female,BM,1b,0,0.9,1,0.1,16.678,11.439,0.98,1,0.7,0.75,1,0,1,0,1.24743313,1.094785468,0.152647662,-0.02,-0.05
60,SONA,18,Female,PE,1a,0,0.1,1,0.9,71.118,14.429,0.9,1,0.5,1,1,NA,1,0,1.858043674,1.188337779,0.669705895,-0.1,-0.5
61,SONA,20,Female,BM,1b,0,0.9,1,0.1,7.715,7.376,1,1,0.99,0.99,NA,NA,0,0,0.940267391,0.923036669,0.017230723,0,0
62,SONA,31,Female,PE,2b,1,0.05,1,0.9,96.718,20.382,1,1,0.6,0.95,1,0,1,0,1.98997457,1.330048325,0.659926244,0,-0.35
63,SONA,18,Male,BM,2a,1,0.45,1,0.1,69.557,14.809,1,1,0.9,1,1,0,1,0,1.848540107,1.198904399,0.649635707,0,-0.1
64,SONA,19,Female,PE,2b,0,0.1,1,0.9,85.574,12.89,0.9,1,0.8,0.75,NA,NA,1,0,1.937387484,1.142702246,0.794685238,-0.1,0.05
65,SONA,19,Female,BM,1b,1,0.45,1,0.1,122.407,16.273,1,1,0.85,0.95,1,0,1,0,2.091339795,1.237367773,0.853972022,0,-0.1
66,SONA,22,Male,BM,2a,1,0.45,1,0.1,142.428,33.299,1,1,0.8,0.95,NA,NA,1,0,2.156633943,1.535281458,0.621352484,0,-0.15
67,SONA,20,Male,PE,1a,0,0.1,1,0.9,6.834,10.533,1,1,0.8,0.85,0,NA,1,0,0.893983567,1.061942292,-0.167958725,0,-0.05
68,SONA,18,Female,PE,2b,0,0.1,1,0.9,20.802,29.702,0.5,0.5,0.8,0.8,NA,NA,1,0,1.338496335,1.487166667,-0.148670332,0,0
69,SONA,19,Female,PE,1a,0,0.1,1,0.9,19.997,16.756,1,0.5,0.75,0.5,NA,NA,0,0,1.322157248,1.249345136,0.072812112,0.5,0.25
70,SONA,18,Male,PE,1a,1,0.05,1,0.9,116.825,29.695,1,1,0.7,0.95,1,NA,1,0,2.071237448,1.487067638,0.584169811,0,-0.25
71,SONA,18,Female,BM,1b,1,0.45,1,0.1,65.534,12.722,1,1,0.5,1,1,0,1,0,1.823043634,1.137417415,0.685626219,0,-0.5
72,SONA,20,Male,BM,2a,0,0.9,1,0.1,16.82,7.658,0.99,0.99,0.95,0.98,0,NA,1,0,1.2509077,0.937417581,0.313490118,0,-0.03
73,SONA,20,Female,BM,2a,0,0.9,1,0.1,11.898,16.659,1,0.9,0.75,0.8,1,0,1,0,1.110522373,1.246966107,-0.136443734,0.1,-0.05
74,SONA,22,Male,BM,1b,1,0.45,1,0.1,29.843,12.105,0.5,1,0.5,1,1,0,1,0,1.489156614,1.117437025,0.371719589,-0.5,-0.5
75,SONA,19,Female,PE,2b,0,0.1,1,0.9,9.348,24.96,1,1,0.9,0.9,0,NA,1,0,1.01485642,1.414304688,-0.399448268,0,0
76,SONA,20,Female,PE,2b,0,0.1,1,0.9,12.315,16.886,1,1,0.9,0.9,NA,NA,1,0,1.124341171,1.252513226,-0.128172056,0,0
77,SONA,19,Female,BM,1b,0,0.9,1,0.1,21.377,12.123,1,1,1,1,0,0,1,1,1.349801862,1.118033129,0.231768733,0,0
78,SONA,20,Male,BM,2a,1,0.45,1,0.1,118.901,29.399,1,1,0.4,0.99,NA,NA,1,0,2.078822805,1.482859297,0.595963508,0,-0.59
79,SONA,18,Male,PE,1a,1,0.05,1,0.9,24.754,11.421,1,1,0.9,0.95,0,0,0,0,1.410844691,1.094156562,0.31668813,0,-0.05
80,SONA,19,Male,BM,1b,0,0.9,1,0.1,7.203,10.793,1,1,0.95,0.95,NA,0,0,0,0.913972712,1.071624299,-0.157651587,0,0
81,SONA,18,Female,PE,1a,0,0.1,1,0.9,91.304,51.332,0.25,1,0.6,0.9,1,NA,1,0,1.965220522,1.718767333,0.246453189,-0.75,-0.3
82,SONA,19,Male,BM,2a,0,0.9,1,0.1,35.048,20.02,1,1,0.7,0.7,NA,NA,1,0,1.556881174,1.322632712,0.234248463,0,0
83,SONA,19,Male,PE,2b,1,0.05,1,0.9,70.892,14.316,0.96,1,0.7,0.9,NA,NA,1,0,1.856680566,1.185145358,0.671535208,-0.04,-0.2
84,SONA,19,Male,PE,1a,0,0.1,1,0.9,38.741,18.78,1,1,0.95,0.99,NA,NA,1,0,1.599238791,1.296226287,0.303012504,0,-0.04
85,SONA,19,Male,BM,1b,1,0.45,1,0.1,66.642,21.662,0.8,1,0.2,0.3,1,0,1,0,1.83021644,1.355298235,0.474918205,-0.2,-0.1
86,SONA,19,Male,PE,2b,1,0.05,1,0.9,45.144,13.142,1,1,0.8,0.8,1,NA,1,0,1.664115239,1.150510833,0.513604406,0,0
87,SONA,21,Male,BM,2a,1,0.45,1,0.1,35.711,17.403,1,1,0.5,1,1,0,1,0,1.564796215,1.264888626,0.299907589,0,-0.5
88,SONA,22,Female,BM,2a,1,0.45,1,0.1,58.809,20.417,1,0.75,0.15,0.5,NA,NA,1,0,1.776766541,1.330758637,0.446007904,0.25,-0.35
89,SONA,18,Male,BM,1b,0,0.9,1,0.1,17.142,40.877,1,0.5,0.9,0.5,NA,0,1,0,1.258685163,1.621975562,-0.363290399,0.5,0.4
90,SONA,21,Male,PE,2b,0,0.1,1,0.9,30.292,31.39,0.9,0.85,0.9,0.9,1,0,1,0,1.495433322,1.510410948,-0.014977626,0.05,0
91,SONA,18,Male,PE,1a,0,0.1,1,0.9,49.457,29.5,1,1,0.75,0.8,1,0,1,0,1.702921425,1.484299839,0.218621586,0,-0.05
92,SONA,18,Male,BM,1b,0,0.9,1,0.1,11.725,26.934,1,1,0.99,0.99,NA,NA,0,0,1.104657791,1.446133129,-0.341475338,0,0
93,SONA,19,Male,PE,1a,0,0.1,1,0.9,10.776,8.814,1,1,1,0.99,NA,NA,1,1,1.070997797,0.991846054,0.079151743,0,0.01
94,SONA,18,Male,BM,2a,1,0.45,1,0.1,70.285,14.123,0.9,0.99,0.4,0.9,1,0,1,0,1.852998154,1.179637952,0.673360202,-0.09,-0.5
95,SONA,18,Male,PE,2b,0,0.1,1,0.9,13.605,8.31,1,1,0.99,0.99,1,1,1,0,1.164501561,0.968949681,0.19555188,0,0
96,SONA,19,Female,BM,2a,0,0.9,1,0.1,9.352,8.018,0.9,1,0.9,0.9,NA,NA,0,1,1.015024263,0.955110231,0.059914032,-0.1,0
97,SONA,20,Female,PE,2b,0,0.1,1,0.9,21.249,17.106,1,1,0.99,0.99,1,0,1,0,1.347310496,1.257822516,0.08948798,0,0
98,SONA,18,Male,PE,1a,1,0.05,1,0.9,38.266,15.488,1,1,0.67,0.9,1,0,1,0,1.594016662,1.217167979,0.376848683,0,-0.23
99,SONA,19,Female,BM,1b,1,0.45,1,0.1,68.552,14.126,1,1,0.5,0.75,NA,NA,1,0,1.842309623,1.179724096,0.662585527,0,-0.25
100,SONA,19,Male,BM,2a,0,0.9,1,0.1,14.681,19.827,1,1,0.69,0.5,NA,NA,0,0,1.195373755,1.318626717,-0.123252962,0,0.19
101,SONA,19,Female,BM,2a,0,0.9,1,0.1,41.912,14.301,0.75,1,0.95,0.99,1,0,1,0,1.632578756,1.184719815,0.447858941,-0.25,-0.04
102,SONA,22,Female,BM,1b,1,0.45,1,0.1,76.049,15.678,1,1,0.45,0.98,1,0,1,0,1.886767006,1.22214397,0.664623037,0,-0.53
103,SONA,18,Male,PE,2b,1,0.05,1,0.9,18.021,11.839,1,1,0.95,1,NA,NA,1,0,1.279233346,1.108531199,0.170702147,0,-0.05
104,SONA,20,Male,PE,1a,0,0.1,1,0.9,10.133,9.376,1,1,0.99,0.99,NA,NA,1,0,1.046612209,1.016029963,0.030582246,0,0
105,SONA,20,Female,BM,1b,1,0.45,1,0.1,29.503,9.498,0.95,1,0.8,0.95,1,0,1,0,1.484342555,1.021106568,0.463235986,-0.05,-0.15
106,SONA,18,Female,BM,2a,0,0.9,1,0.1,20.58,5.591,1,1,0.75,0.8,0,0,1,0,1.33405144,0.818951312,0.515100129,0,-0.05
107,SONA,22,Male,PE,1a,1,0.05,1,0.9,374.151,206.036,0.9,0.9,0.5,0.9,1,0,1,0,2.574206108,2.316045868,0.25816024,0,-0.4
108,SONA,19,Female,PE,2b,1,0.05,1,0.9,62.674,13.112,0.8,1,0.5,0.95,NA,NA,1,0,1.803962133,1.149588568,0.654373565,-0.2,-0.45
109,SONA,20,Female,BM,1b,1,0.45,1,0.1,40.193,7.605,1,1,0.65,0.99,0,0,1,0,1.614823422,0.934750875,0.680072547,0,-0.34
110,SONA,19,Male,PE,1a,0,0.1,1,0.9,12.634,7.091,1,1,0.9,0.9,NA,NA,1,1,1.13462329,0.908002201,0.226621088,0,0
111,SONA,19,Female,BM,2a,0,0.9,1,0.1,65.416,29.063,0.95,0.97,0.6,0.96,1,0,1,0,1.822272716,1.478032317,0.344240399,-0.02,-0.36
112,SONA,19,Male,PE,2b,0,0.1,1,0.9,14.758,20.051,1,1,1,1,1,0,1,0,1.197501096,1.323272731,-0.125771635,0,0
113,SONA,18,Female,PE,2b,1,0.05,1,0.9,13.048,8.472,1,1,0.7,1,1,0,1,0,1.147614499,0.976441689,0.171172809,0,-0.3
114,SONA,22,Male,BM,1b,0,0.9,1,0.1,45.819,18.091,0.9,0.9,0.85,0.9,NA,NA,1,0,1.670422133,1.280828678,0.389593456,0,-0.05
115,SONA,19,Male,PE,1a,0,0.1,1,0.9,80.203,13.881,0.3,1,0.1,0.9,1,0,1,0,1.909572074,1.172632117,0.736939958,-0.7,-0.8
116,SONA,19,Female,BM,2a,0,0.9,1,0.1,11.282,6.714,1,1,0.9,1,0,0,1,0,1.089269093,0.887279635,0.201989459,0,-0.1
117,SONA,19,Male,BM,1b,0,not computable,1,0.1,83.176,11.325,1,0.98,0.35,0.95,1,0,1,0,1.925188284,1.090786928,0.834401357,0.02,-0.6
118,SONA,20,Male,PE,1a,0,0.1,1,0.9,10.587,10.258,0.95,1,0.8,0.95,1,0,1,0,1.063971007,1.051461244,0.012509763,-0.05,-0.15
119,SONA,20,Female,PE,2b,0,0.1,1,0.9,15.856,11.66,1,0.99,0.99,0.99,NA,NA,1,0,1.226754523,1.102433706,0.124320817,0.01,0
120,SONA,19,Male,BM,2a,0,0.9,1,0.1,13.724,7.311,0.95,0.99,0.7,0.9,1,0,1,0,1.168025809,0.919653282,0.248372526,-0.04,-0.2
121,SONA,18,Female,PE,1a,0,0.1,1,0.9,25.144,20.524,1,1,0.75,0.75,0,0,1,0,1.417372035,1.332922983,0.084449051,0,0
122,SONA,19,Male,BM,2a,0,0.9,1,0.1,19.288,8.22,1,1,0.93,1,0,NA,1,0,1.307239236,0.964730921,0.342508315,0,-0.07
123,SONA,19,Female,BM,1b,1,0.45,1,0.1,127.269,24.326,1,1,0.7,0.8,0,0,1,0,2.108121709,1.403566603,0.704555106,0,-0.1
124,SONA,19,Male,PE,2b,0,0.1,1,0.9,7.838,9.249,1,1,1,0.9,NA,NA,1,0,0.946353997,1.010681493,-0.064327496,0,0.1
125,SONA,20,Male,BM,1b,0,0.9,1,0.1,13.587,7.826,1,1,0.99,0.99,0,0,1,0,1.163965983,0.945763923,0.21820206,0,0
126,SONA,18,Male,BM,2a,0,0.9,1,0.1,31.408,9.408,1,1,0.5,0.9,NA,NA,1,0,1.51065223,1.017367284,0.493284947,0,-0.4
127,SONA,19,Male,PE,1a,0,0.1,1,0.9,103.244,20.07,0.99,0.99,0.98,0.99,0,NA,1,0,2.018051068,1.323664536,0.694386532,0,-0.01
128,SONA,18,Male,PE,1a,0,0.1,1,0.9,49.547,29.5,1,1,0.75,0.8,1,NA,1,0,1.703695385,1.484299839,0.219395546,0,-0.05
129,MTURK,32,Female,BM,2a,1,0.45,0,0.05,7.331,5.49,0.9,1,0.5,0.5,NA,NA,1,1,0.920697134,0.812244697,0.108452438,-0.1,0
130,MTURK,44,Male,PE,1a,1,0.05,1,0.9,5.401,10.03,1,1,0.8,1,NA,NA,1,0,0.806247827,1.042575512,-0.236327685,0,-0.2
131,MTURK,27,Male,PE,1a,1,0.05,1,0.9,2.366,17.069,1,1,0.5,1,NA,NA,0,0,0.527114112,1.256934118,-0.729820006,0,-0.5
132,MTURK,33,Male,PE,1a,1,0.05,1,0.9,11.987,12.066,1,1,0.7,0.9,1,0,1,0,1.113508841,1.116142654,-0.002633813,0,-0.2
133,MTURK,35,Male,PE,1a,1,0.05,1,0.9,9.876,8.229,1,1,0.95,1,1,0,1,0,1.036469199,0.965154646,0.071314553,0,-0.05
134,MTURK,37,Male,BM,1b,1,0.45,1,0.1,38.28,12.834,1,1,0.65,0.99,NA,NA,1,0,1.594171479,1.140947771,0.453223708,0,-0.34
135,MTURK,23,Male,BM,1b,1,0.45,1,0.1,47.611,10.443,1,1,0.6,1,1,NA,1,1,1.686734555,1.058539898,0.628194657,0,-0.4
136,MTURK,29,Male,PE,2b,1,0.05,1,0.9,11.648,8.031,1,1,0.95,0.99,1,NA,1,0,1.102021857,0.955735842,0.146286015,0,-0.04
137,MTURK,26,Male,PE,2b,1,0.05,1,0.9,6.039,4.02,1,1,0.95,0.7,NA,NA,1,0,0.847510965,0.700703717,0.146807248,0,0.25
138,MTURK,34,Female,BM,1b,0,0.9,1,0.1,4.954,8.416,0,0,0,0,NA,0,0,0,0.77480883,0.97386645,-0.19905762,0,0
139,MTURK,25,Male,BM,1b,0,0.9,1,0.1,19.159,19.859,0.8,1,0.7,0.9,1,NA,1,1,1.304468985,1.319293484,-0.014824499,-0.2,-0.2
140,MTURK,34,Female,PE,1a,0,0.1,1,0.9,11.064,56.682,0.5,0.6,0.3,0.85,NA,NA,0,0,1.081491329,1.76104031,-0.679548982,-0.1,-0.55
141,MTURK,37,Female,PE,1a,1,0.05,0,0.8,10.592,5.129,0.9,0.85,0.5,0.4,1,NA,1,1,1.064158372,0.787389621,0.276768751,0.05,0.1
142,MTURK,32,Female,PE,2b,0,0.1,1,0.9,29.153,11.878,1,0,0.8,0.8,NA,NA,1,0,1.479330528,1.109848421,0.369482107,1,0
143,MTURK,31,Female,BM,2a,0,0.9,1,0.1,53.416,8.804,0.75,1,0.75,1,1,1,1,0,1.735726615,0.991403303,0.744323312,-0.25,-0.25
144,MTURK,28,Male,PE,1a,1,0.05,1,0.9,20.974,23.77,1,1,0.9,0.99,1,NA,1,0,1.34190912,1.393926007,-0.052016886,0,-0.09
145,MTURK,46,Male,BM,1b,0,0.9,0,0.05,7.929,6.331,1,0.1,1,0.5,NA,NA,1,1,0.950802823,0.86516322,0.085639603,0.9,0.5
146,MTURK,50,Female,PE,2b,0,0.1,1,0.9,17.593,9.481,1,1,0.95,0.8,1,0,1,0,1.269349469,1.020402721,0.248946748,0,0.15
147,MTURK,27,Female,PE,2b,1,0.05,1,0.9,131.604,14.493,0.7,0.99,0.7,0.95,1,0,1,0,2.122556625,1.190135521,0.932421104,-0.29,-0.25
148,MTURK,53,Female,PE,2b,0,0.1,1,0.9,12.361,18.037,1,1,1,1,NA,NA,1,0,1.125838964,1.27959851,-0.153759546,0,0
149,MTURK,28,Male,PE,2b,0,0.1,1,0.9,10.243,15.039,0.8,0.6,0.8,0.7,0,0,0,0,1.050882211,1.205177287,-0.154295077,0.2,0.1
150,MTURK,50,Female,BM,1b,1,0.45,1,0.1,181.54,59.335,1,1,0.65,1,1,0,1,0,2.261358046,1.780569317,0.480788729,0,-0.35
151,MTURK,38,Male,BM,1b,0,0.9,1,0.1,14.172,16.819,1,1,0.85,0.9,NA,NA,1,0,1.181042834,1.250883328,-0.069840494,0,-0.05
152,MTURK,32,Male,PE,1a,1,0.05,1,0.9,32.923,29.028,1,1,0.9,0.9,1,NA,1,0,1.530494252,1.477526407,0.052967845,0,0
153,MTURK,47,Female,PE,1a,1,0.05,1,0.9,11.494,17.902,1,1,1,1,0,0,1,0,1.096701502,1.276507759,-0.179806257,0,0
154,MTURK,36,Female,BM,2a,0,0.9,1,0.1,15.751,6.265,1,1,0.99,1,1,0,1,0,1.224040739,0.861235619,0.36280512,0,-0.01
155,MTURK,59,Female,BM,1b,0,0.9,0,0.05,215.601,15.858,0.7,1,0.8,0.8,1,1,1,1,2.335660457,1.22680605,1.108854408,-0.3,0
156,MTURK,27,Male,PE,2b,1,0.05,1,0.9,5.616,81.822,0.2,0.8,0.4,0.5,NA,NA,1,0,0.820595497,1.918145714,-1.097550217,-0.6,-0.1
157,MTURK,29,Female,BM,1b,0,0.9,1,0.1,14.486,6.762,1,0.95,0.6,0.9,1,0,1,0,1.189939255,0.889973638,0.299965617,0.05,-0.3
158,MTURK,33,Female,BM,2a,0,0.9,1,0.1,241.389,9.949,1,1,0.99,1,0,0,1,0,2.384512907,1.039374456,1.345138451,0,-0.01
159,MTURK,33,Female,BM,2a,1,0.45,1,0.1,27.096,12.911,1,1,0.6,1,NA,NA,1,0,1.448644494,1.143358351,0.305286144,0,-0.4
160,MTURK,38,Male,BM,1b,1,0.45,1,0.1,55.374,18.479,1,1,0.5,0.8,1,0,1,0,1.751078851,1.289566658,0.461512194,0,-0.3
161,MTURK,42,Male,BM,1b,1,0.45,1,0.1,223.225,27.439,0.9,1,0.5,0.99,NA,0,1,0,2.350684033,1.453914321,0.896769711,-0.1,-0.49
162,MTURK,47,Male,BM,1b,0,0.9,1,0.1,176.598,40.321,1,1,1,1,1,NA,1,1,2.249438071,1.616170823,0.633267247,0,0
163,MTURK,30,Female,BM,2a,0,0.9,1,0.1,18.686,8.327,1,1,1,1,NA,NA,1,1,1.294157481,0.969741977,0.324415504,0,0
164,MTURK,60,Male,PE,1a,1,0.05,1,0.9,4.071,11.097,1,1,0.8,0.99,NA,NA,0,0,0.705093611,1.082677681,-0.37758407,0,-0.19
165,MTURK,26,Male,BM,2a,0,0.9,1,0.1,9.271,6.06,1,1,0.4,1,1,0,1,1,1.011612729,0.848804701,0.162808028,0,-0.6
166,MTURK,25,Male,BM,2a,1,0.45,1,0.1,10.187,12.089,1,1,0.9,0.95,NA,NA,1,0,1.048713638,1.116906468,-0.06819283,0,-0.05
167,MTURK,55,Male,PE,1a,1,0.05,1,0.9,23.789,27.457,0.55,0.88,0.55,0.67,NA,NA,1,0,1.394259007,1.454189114,-0.059930106,-0.33,-0.12
168,MTURK,49,Male,PE,1a,0,0.1,1,0.9,50.763,4.87,1,1,1,1,1,1,1,1,1.714019439,0.768638101,0.945381337,0,0
169,MTURK,30,Male,PE,1a,1,0.05,1,0.9,17.136,30.98,1,1,0.95,0.95,0,0,1,0,1.258541507,1.504878459,-0.246336952,0,0
170,MTURK,24,Male,BM,1b,0,0.9,1,0.1,18.174,29.942,1,1,1,1,NA,NA,0,0,1.282712723,1.490548382,-0.207835659,0,0
171,MTURK,38,Male,BM,2a,1,0.45,1,0.1,32.398,15.735,0.98,0.98,0.6,0.85,NA,NA,1,0,1.52372046,1.223625717,0.300094744,0,-0.25
172,MTURK,22,Male,PE,2b,1,0.05,1,0.9,84.33,83.121,1,1,0.2,0.8,1,0,1,0,1.931101746,1.924904427,0.006197319,0,-0.6
173,MTURK,27,Male,PE,2b,0,0.1,1,0.9,5.087,4.995,1,1,1,0.95,NA,1,1,0,0.784403302,0.777789187,0.006614114,0,0.05
174,MTURK,30,Male,PE,1a,0,0.1,1,0.9,37.068,9.661,1,1,0.7,0.9,NA,NA,1,0,1.580560061,1.027797943,0.552762117,0,-0.2
175,MTURK,25,Female,PE,1a,1,0.05,1,0.9,22.252,5.936,1,1,0.75,1,1,0,1,0,1.366460314,0.841109084,0.52535123,0,-0.25
176,MTURK,25,Male,PE,1a,0,0.1,1,0.9,6.558,6.663,1,1,0.85,0.95,0,0,0,0,0.878406888,0.884398826,-0.005991938,0,-0.1
177,MTURK,46,Male,BM,1b,0,0.9,1,0.1,12.188,21.594,1,1,1,1,NA,NA,1,0,1.120178938,1.353993124,-0.233814186,0,0
178,MTURK,50,Male,PE,2b,0,0.1,1,0.9,18.476,13.554,0.99,1,0.9,0.99,NA,NA,1,0,1.289499766,1.162982371,0.126517395,-0.01,-0.09
179,MTURK,53,Female,BM,2a,0,0.9,1,0.1,6.3,6.653,1,1,0.99,0.99,0,0,1,0,0.86332286,0.883831713,-0.020508853,0,0
180,MTURK,27,Male,BM,1b,1,0.45,1,0.1,87.817,8.162,1,1,0.5,0.95,0,0,1,0,1.9484961,0.961990287,0.986505812,0,-0.45
181,MTURK,36,Female,PE,2b,1,0.05,1,0.9,66.842,64.488,0.9,1,0.75,1,1,0,1,0,1.831498643,1.816161727,0.015336915,-0.1,-0.25
182,MTURK,27,Male,PE,2b,0,0.1,1,0.9,21.432,21.575,1,1,0.4,0.6,NA,NA,1,1,1.350867996,1.353627759,-0.002759763,0,-0.2
183,MTURK,26,Male,BM,1b,0,0.9,1,0.1,9.626,6.876,1,1,0.9,0.9,NA,0,1,0,1.026369812,0.896305707,0.130064104,0,0
184,MTURK,27,Female,BM,2a,0,0.9,1,0.1,12.055,10.187,0.8,0.8,0.7,0.7,NA,NA,1,0,1.115776876,1.048713638,0.067063238,0,0
185,MTURK,54,Male,BM,1b,0,0.9,1,0.1,11.75,8.604,0.4,0.4,0.1,0.1,1,NA,1,1,1.105510185,0.982452151,0.123058033,0,0
186,MTURK,35,Male,PE,2b,0,0.1,1,0.9,109.493,27.223,0.95,1,0.8,1,NA,NA,1,0,2.043334765,1.450603176,0.59273159,-0.05,-0.2
187,MTURK,44,Female,PE,1a,1,0.05,1,0.9,15.177,13.331,0.9,0.9,0.7,0.65,NA,0,1,0,1.208897985,1.156276496,0.052621489,0,0.05
188,MTURK,35,Female,PE,2b,0,0.1,1,0.9,33.166,10.888,0.99,1,0.99,1,1,0,1,0,1.533594137,1.075108796,0.45848534,-0.01,-0.01
189,MTURK,38,Male,BM,2a,1,0.45,1,0.1,130.205,30.901,0.9,1,0.75,0.8,1,0,1,0,2.117950386,1.503804297,0.614146088,-0.1,-0.05
190,MTURK,26,Female,BM,1b,0,0.9,1,0.1,22.61,12.845,0.9,0.8,0.9,0.7,NA,NA,1,1,1.373095987,1.14129296,0.231803027,0.1,0.2
191,MTURK,61,Female,PE,2b,0,0.1,1,0.9,10.83,13.492,0.5,0.5,0.3,0.25,NA,NA,1,0,1.072984745,1.161128325,-0.088143581,0,0.05
192,MTURK,50,Male,PE,1a,0,0.1,1,0.9,23.99,21.738,1,1,0.75,1,NA,NA,1,1,1.397766256,1.356752262,0.041013994,0,-0.25
193,MTURK,59,Male,PE,1a,1,0.05,1,0.9,53.785,20.566,1,1,0.5,0.8,1,0,1,0,1.738661666,1.333769601,0.404892065,0,-0.3
194,MTURK,39,Male,BM,1b,0,0.9,1,0.1,15.569,19.531,1,1,1,0.99,NA,NA,1,0,1.219296298,1.312410103,-0.093113805,0,0.01
195,MTURK,37,Male,BM,2a,1,0.45,1,0.1,76.541,43.784,1,1,0.85,1,1,0,1,0,1.889531398,1.651122881,0.238408516,0,-0.15
196,MTURK,29,Male,BM,2a,0,0.9,1,0.1,11.436,8.8346,1,1,1,1,NA,NA,0,0,1.094680713,0.992756701,0.101924013,0,0
197,MTURK,27,Male,BM,1b,0,0.9,1,0.1,12.856,15.166,0.9,0.9,0.9,0.9,NA,NA,1,0,1.141637875,1.208602574,-0.0669647,0,0
198,MTURK,31,Male,PE,1a,0,0.1,1,0.9,112.862,25.538,0,1,0.6,0.99,1,NA,1,0,2.056378808,1.42386819,0.632510618,-1,-0.39
199,MTURK,26,Male,PE,2b,1,0.05,1,0.9,23.97,18.011,1,1,0.8,1,1,0,1,0,1.397418542,1.279004962,0.118413581,0,-0.2
200,MTURK,35,Male,BM,2a,1,0.45,0,0.05,30.172,32.623,1,1,0.7,0.7,1,1,1,1,1.493764668,1.526636461,-0.032871793,0,0
201,MTURK,25,Male,BM,2a,0,0.9,1,0.1,71.85,42.708,1,1,0.7,1,1,1,1,1,1.862429556,1.640560934,0.221868622,0,-0.3
202,MTURK,25,Male,PE,1a,0,0.1,1,0.9,31.286,8.399,1,1,1,0.5,NA,NA,0,0,1.509014242,0.97308165,0.535932593,0,0.5
203,MTURK,42,Male,PE,1a,1,0.05,1,0.9,26.744,21.393,1,1,0.9,1,1,NA,1,0,1.443169076,1.35011228,0.093056796,0,-0.1
204,MTURK,33,Male,PE,1a,0,0.1,1,0.9,4.866,13.683,1,1,0.99,0.99,0,0,1,0,0.768342059,1.166814799,-0.39847274,0,0
205,MTURK,27,Male,PE,2b,0,0.1,1,0.9,5.893,7.419,1,1,0.99,0.99,NA,NA,1,0,0.838408278,0.92526051,-0.086852231,0,0
206,MTURK,26,Male,BM,1b,1,0.45,1,0.1,53.805,15.388,1,1,0.5,0.99,NA,NA,1,0,1.738820182,1.214525955,0.524294227,0,-0.49
207,MTURK,31,Female,BM,2a,0,0.9,1,0.1,12.65,8.118,1,1,0.99,0.99,NA,NA,1,1,1.135132651,0.959899588,0.175233064,0,0
208,MTURK,33,Male,BM,1b,1,0.45,1,0.1,12.447,9.978,1,1,0.75,0.65,1,0,1,0,1.128625405,1.040523226,0.088102178,0,0.1
209,MTURK,38,Female,BM,2a,1,0.45,0,0.05,76.944,7.056,0.9,1,0.5,0.5,NA,NA,1,1,1.89178269,0.906119458,0.985663232,-0.1,0
210,MTURK,36,Female,BM,1b,0,0.9,1,0.1,22.167,12.522,0,0.2,0.4,0.4,1,NA,1,0,1.364869799,1.131040932,0.233828867,-0.2,0
211,MTURK,28,Male,PE,2b,0,0.1,1,0.9,13.269,11.919,1,1,1,1,NA,NA,1,1,1.154393538,1.111228898,0.04316464,0,0
212,MTURK,25,Male,PE,2b,0,0.1,1,0.9,21.105,9.492,0.95,1,0.95,0.95,0,0,0,0,1.344490519,1.020858282,0.323632237,-0.05,0
213,MTURK,56,Male,BM,2a,0,0.9,1,0.1,22.288,13.523,1,1,0.9,0.95,1,NA,1,0,1.367132192,1.162056337,0.205075855,0,-0.05
214,MTURK,37,Male,PE,2b,0,0.1,1,0.9,60.992,34.348,0.5,1,0.85,0.92,NA,NA,1,1,1.792335648,1.548364846,0.243970802,-0.5,-0.07
215,MTURK,34,Male,BM,2a,1,0.45,1,0.1,44.431,24.649,1,1,0.9,0.99,1,1,1,1,1.657352296,1.409070438,0.248281859,0,-0.09
216,MTURK,25,Male,BM,1b,0,0.9,1,0.1,25.152,16.331,1,1,1,1,NA,NA,1,0,1.417504908,1.238823622,0.178681285,0,0
217,MTURK,38,Male,PE,1a,0,0.1,1,0.9,7.829,9.423,0.45,1,0.35,0.95,NA,NA,1,1,0.945911517,1.017992738,-0.072081221,-0.55,-0.6
218,MTURK,36,Female,BM,2a,0,0.9,0,0.05,20.858,184.498,1,1,0.85,0.5,0,1,0,1,1.339610422,2.268339232,-0.92872881,0,0.35
219,MTURK,39,Male,PE,2b,1,0.05,1,0.9,186.306,21.692,1,1,0.6,0.9,1,0,1,0,2.272551689,1.355872775,0.916678915,0,-0.3
220,MTURK,30,Male,BM,1b,1,0.45,1,0.1,64.56,7.619,0.5,1,0.5,0.75,1,NA,1,1,1.816638945,0.935456881,0.881182064,-0.5,-0.25
221,MTURK,41,Male,PE,1a,1,0.05,1,0.9,50.313,27.553,1,1,0.6,0.6,1,1,1,1,1.710227406,1.455651745,0.254575661,0,0
222,MTURK,36,Male,BM,2a,0,0.9,1,0.1,59.752,37.071,1,1,0.75,0.72,1,0,1,0,1.78356058,1.580594284,0.202966295,0,0.03
223,MTURK,34,Female,BM,1b,0,0.9,1,0.1,19.878,19.805,0.9,1,0.9,0.9,1,0,1,0,1.319688893,1.31816772,0.001521173,-0.1,0
224,MTURK,26,Female,BM,2a,0,0.9,1,0.1,90.31,153.815,1,0.5,0.6,0.75,1,0,1,0,1.960518343,2.189813037,-0.229294694,0.5,-0.15
225,MTURK,36,Female,PE,1a,0,0.1,1,0.9,46.852,14.995,1,1,0.8,0.99,NA,NA,1,0,1.679900094,1.203984244,0.47591585,0,-0.19
226,MTURK,51,Male,PE,1a,1,0.05,1,0.9,18.385,9.207,1,1,0.8,0.8,1,NA,1,0,1.287465805,1.008898115,0.278567691,0,0
227,MTURK,29,Male,PE,2b,1,0.05,1,0.9,7.718,26.237,1,1,0.5,0.9,1,0,1,0,0.940416865,1.435159271,-0.494742406,0,-0.4
228,MTURK,29,Male,PE,2b,0,0.1,1,0.9,15.002,11.019,1,1,1,1,NA,NA,1,0,1.204174266,1.079868335,0.124305931,0,0
229,MTURK,19,Male,PE,1a,0,0.1,1,0.9,34.071,33.125,1,1,1,1,NA,NA,0,0,1.544948149,1.53307266,0.011875489,0,0
230,MTURK,29,Female,BM,2a,1,0.45,1,0.1,24.368,8.161,1,1,0.7,0.95,1,0,1,0,1.404286229,0.961942883,0.442343346,0,-0.25
231,MTURK,24,Male,PE,1a,0,0.1,1,0.9,23.224,12.845,0.8,1,0.9,0.8,NA,NA,1,0,1.384245858,1.14129296,0.242952898,-0.2,0.1
232,MTURK,32,Female,BM,1b,1,0.45,1,0.1,84.775,19.93,1,1,1,1,1,0,1,0,1.933360727,1.320769228,0.612591498,0,0
233,MTURK,28,Male,BM,1b,1,0.45,0,0.05,15.98,59.205,1,1,0.8,0.85,1,1,1,1,1.229937686,1.779632561,-0.549694875,0,-0.05
234,MTURK,30,Female,BM,1b,0,0.9,1,0.1,19.704,16.485,1,1,0.9,0.99,NA,0,1,1,1.316054259,1.242665637,0.073388622,0,-0.09
235,MTURK,37,Male,PE,2b,0,0.1,1,0.9,10.003,8.186,1,1,1,1,NA,NA,1,0,1.041511113,0.963126441,0.078384672,0,0
236,MTURK,23,Male,PE,1a,1,0.05,1,0.9,10.102,10.403,1,1,0.9,0.95,1,0,1,0,1.045401223,1.057019124,-0.011617901,0,-0.05
237,MTURK,32,Female,PE,2b,1,0.05,1,0.9,90.899,25.228,0.85,1,0.5,0.95,NA,NA,1,0,1.963310786,1.418765175,0.544545611,-0.15,-0.45
238,MTURK,42,Male,BM,2a,0,0.5,0,0.05,44.258,38.209,0.5,0.75,0.65,0.8,NA,1,1,1,1.655695358,1.593385766,0.062309592,-0.25,-0.15
239,MTURK,41,Male,BM,2a,1,0.45,1,0.1,91.361,38.696,1,1,0.8,0.8,1,0,1,0,1.965488626,1.598746747,0.366741879,0,0
240,MTURK,30,Male,PE,1a,0,0.1,1,0.9,29.087,17.389,1,1,0.7,1,NA,NA,1,1,1.478378886,1.264558113,0.213820773,0,-0.3
241,MTURK,34,Female,BM,1b,0,0.02,0,1,3.483,312.002,0.8,0.9,0.75,0.75,NA,NA,1,0,0.651568739,2.495547113,-1.843978374,-0.1,0
242,MTURK,32,Female,BM,1b,1,0.45,1,0.1,121.751,9.595,1,1,0.75,0.99,1,0,1,1,2.089025039,1.025100961,1.063924078,0,-0.24
243,MTURK,39,Male,PE,1a,1,0.05,1,0.9,10.29,12.484,0.99,1,0.75,0.99,1,0,1,0,1.052693942,1.129818744,-0.077124802,-0.01,-0.24
244,MTURK,31,Male,BM,1b,1,0.45,1,0.1,17.103,6.115,1,1,0.8,0.9,1,0,1,0,1.257750551,0.852174904,0.405575647,0,-0.1
245,MTURK,30,Male,BM,2a,0,0.25,1,0.1,35.397,30.336,1,1,0.7,0.95,1,1,1,1,1.561065589,1.496043559,0.06502203,0,-0.25
246,MTURK,30,Male,BM,2a,1,0.45,0,0.05,18.985,3.968,1,1,0.85,0.9,1,1,1,1,1.300704153,0.696181587,0.604522565,0,-0.05
247,MTURK,54,Female,PE,1a,1,0.05,1,0.9,14.986,31.174,1,1,0.85,0.95,1,0,1,0,1.203739809,1.507505057,-0.303765249,0,-0.1
248,MTURK,65,Male,BM,2a,0,0.9,1,0.1,93.154,39.437,1,1,0.3,0.95,NA,NA,1,1,1.973838775,1.606778928,0.367059847,0,-0.65
249,MTURK,24,Male,BM,1b,1,0.45,1,0.1,524.236,12.567,1,1,0.5,1,1,0,1,0,2.720354485,1.132483825,1.58787066,0,-0.5
250,MTURK,24,Male,PE,2b,1,0.05,1,0.9,136.917,69.419,1,1,0.25,0.5,NA,NA,1,0,2.139617802,1.847689853,0.291927948,0,-0.25
251,MTURK,32,Male,BM,2a,0,0.9,1,0.1,7.13,5.352,1,1,0.9,1,1,1,1,1,0.910090546,0.802910489,0.107180056,0,-0.1
252,MTURK,30,Male,PE,1a,0,0.1,1,0.9,56.469,14.583,1,1,0.5,0.8,NA,NA,0,0,1.75943364,1.192651071,0.56678257,0,-0.3
253,MTURK,28,Male,PE,1a,0,0.1,1,0.9,50.615,34.499,1,1,1,1,NA,NA,1,1,1.712775932,1.550216119,0.162559812,0,0
254,MTURK,40,Male,PE,2b,1,0.05,1,0.9,16.455,13.636,1,1,0.6,1,1,0,1,0,1.241919853,1.165422401,0.076497452,0,-0.4
255,MTURK,47,Female,BM,1b,0,0.9,1,0.1,33.206,11.099,1,1,0.8,0.85,1,0,1,0,1.534102291,1.082749477,0.451352815,0,-0.05
256,MTURK,35,Male,PE,1a,1,0.05,1,0.9,45.592,98.814,1,1,0.6,1,1,0,1,0,1.668311353,1.99919146,-0.330880107,0,-0.4
257,MTurk1,18,Male,PE,2b,1,0.05,1,0.9,14.945,21.419,0.98,0.95,0.92,0.71,1,0,1,0,1.202624524,1.350616237,-0.147991713,0.03,0.21
258,MTurk1,19,Female,PE,2b,0,0.1,1,0.9,15.59,9.92,1,1,1,1,1,0,1,0,1.219846386,1.038222638,0.181623748,0,0
259,MTurk1,19,Male,BM,2a,0,0.9,1,0.1,8.623,4.352,0.94,0.95,0.9,0.95,NA,NA,0,1,0.983310486,0.728516105,0.254794381,-0.01,-0.05
260,MTurk1,18,Male,BM,1b,1,0.45,1,0.1,11.982,12.73,1,1,0.6,0.95,1,0,1,0,1.113341605,1.137670537,-0.024328932,0,-0.35
261,MTurk1,20,Female,PE,1a,1,0.05,1,0.9,15.83,17.269,1,1,0.9,1,1,0,1,0,1.226084116,1.261714776,-0.03563066,0,-0.1
262,MTurk1,19,Female,PE,2b,1,0.05,1,0.9,9.818,11.941,1,1,0.6,0.75,1,0,1,0,1.034146977,1.111967837,-0.07782086,0,-0.15
263,MTurk1,19,Male,PE,1a,1,0.05,1,0.9,31.961,23.822,1,1,0.6,1,1,0,1,0,1.518000379,1.394836771,0.123163608,0,-0.4
264,MTurk1,20,Male,BM,2a,0,0.9,1,0.1,13.168,6.697,1,1,0.8,0.97,1,0,1,0,1.151308548,0.886321487,0.264987062,0,-0.17
265,MTurk1,19,Female,PE,2b,1,0.05,1,0.9,12.677,17.269,1,1,0.93,0.88,1,0,1,0,1.135990847,1.261714776,-0.125723929,0,0.05
266,MTurk1,18,Male,PE,1a,0,0.1,1,0.9,102.7,20.566,0.9,0.9,0.9,0.9,0,0,0,0,2.015778756,1.333769601,0.682009156,0,0
267,MTurk1,19,Male,BM,1b,0,0.9,1,0.1,242.62,19.525,1,1,0.78,1,1,0,1,0,2.386712939,1.312283166,1.074429773,0,-0.22
268,MTurk1,19,Male,BM,1b,1,0.45,1,0.1,31.667,11.41,0.99,0.99,0.5,0.7,NA,NA,1,0,1.514109253,1.093771781,0.420337471,0,-0.2
269,MTurk1,19,Male,BM,1b,1,0.45,1,0.1,101.713,22.637,0.5,1,0.2,0.9,1,1,1,1,2.011625414,1.373592355,0.638033059,-0.5,-0.7
270,MTurk1,19,Female,BM,2a,0,0.9,1,0.1,76.946,8.928,1,0.99,0.75,0.82,1,0,1,0,1.891793833,0.996861768,0.894932065,0.01,-0.07
271,MTurk1,19,Female,PE,1a,1,0.05,1,0.9,27.544,108.551,1,1,0.4,0.95,1,0,1,0,1.455514833,2.039616346,-0.584101514,0,-0.55
272,MTurk1,19,Female,BM,1b,0,0.9,1,0.1,43.882,57.968,1,1,0.9,0.9,0,1,0,1,1.652072201,1.770616398,-0.118544197,0,0
273,MTurk1,20,Male,BM,2a,0,0.9,1,0.1,235.044,79.146,0.65,0.75,0.45,0.45,1,1,1,1,2.372992966,1.903881852,0.469111114,-0.1,0
274,MTurk1,18,Female,PE,2b,0,0.1,0,0.8,63.428,32.165,0.99,0.99,0.85,0.9,1,0,0,0,1.80907465,1.520680002,0.288394648,0,-0.05
275,MTurk1,19,Male,BM,1b,1,0.45,1,0.1,88.392,22.18,1,1,0.2,1,1,0,1,0,1.951298654,1.365113432,0.586185222,0,-0.8
276,MTurk1,21,Male,BM,1b,0,0.9,1,0.1,37.017,14.948,0.95,1,0.9,1,1,0,1,0,1.579977843,1.202706227,0.377271616,-0.05,-0.1
277,MTurk1,20,Female,BM,1b,0,0.9,1,0.1,95.043,15.532,0,1,1,0.5,1,0,1,0,1.982465717,1.218325397,0.764140321,-1,0.5
278,MTurk1,20,Male,BM,1b,1,0.45,1,0.1,10.243,33.343,1,1,0.6,0.2,1,0,1,0,1.050882211,1.53583823,-0.484956019,0,0.4
279,MTurk1,19,Male,BM,1b,0,0.9,1,0.1,293.076,15.312,0.1,1,0.85,0.4,1,0,1,0,2.468459583,1.212507213,1.25595237,-0.9,0.45
280,MTurk1,21,Female,BM,2a,0,0.9,1,0.1,11.28,8.48,1,1,0.85,0.85,1,0,1,1,1.089198367,0.976808337,0.112390029,0,0
281,MTurk1,19,Female,PE,1a,1,0.05,1,0.9,12.984,10.227,1,1,0.88,0.88,1,NA,1,1,1.145631415,1.050263723,0.095367693,0,0
282,MTurk1,21,Male,PE,1a,1,0.05,1,0.9,23.673,20.63,1,1,0.9,0.95,1,0,1,0,1.392221959,1.335056519,0.057165439,0,-0.05
283,MTurk1,29,Male,BM,1b,1,0.45,1,0.1,147.064,50.771,1,1,0.2,1,1,0,1,0,2.170449478,1.714086554,0.456362924,0,-0.8
284,MTurk1,24,Male,BM,1b,0,0.9,1,0.1,51.926,71.38,1,1,0.98,0.99,1,NA,1,0,1.723669072,1.859618579,-0.135949506,0,-0.01
285,MTurk1,30,Male,PE,2b,0,0.1,1,0.9,7.692,119.872,1,1,0.99,0.99,NA,NA,1,0,0.939119718,2.082325708,-1.143205991,0,0
286,MTurk1,40,Female,PE,1a,1,0.05,1,0.9,9.339,9.246,1,1,0.7,0.6,1,0,1,0,1.014478535,1.010554352,0.003924184,0,0.1
287,MTurk1,37,Male,PE,2b,0,0.1,1,0.9,18.258,16.067,0.7,1,0.8,0.95,1,NA,1,0,1.284611182,1.232157188,0.052453994,-0.3,-0.15
288,MTurk1,28,Male,PE,1a,0,0.1,1,0.9,34.929,24.733,1,1,1,1,1,NA,1,0,1.55544513,1.41049042,0.14495471,0,0
289,MTurk1,29,Male,PE,1a,1,0.05,1,0.9,19.396,13.24,0.95,1,0.75,0.95,1,0,1,0,1.309545003,1.153509989,0.156035014,-0.05,-0.2
290,MTurk1,29,Female,BM,2a,0,0.9,1,0.1,11.252,6.943,1,1,0.75,0.9,NA,NA,0,1,1.088206988,0.899984563,0.188222426,0,-0.15
291,MTurk1,24,Male,PE,2b,0,0.1,1,0.9,6.474,9.899,1,1,0.97,0.95,0,0,1,1,0.873553094,1.037386653,-0.163833559,0,0.02
292,MTurk1,42,Female,BM,2a,0,0.9,1,0.1,23.421,4.146,0.45,0.45,0.6,0.55,NA,NA,1,0,1.387763444,0.711469782,0.676293662,0,0.05
293,MTurk1,24,Male,PE,2b,0,0.1,1,0.9,26.854,13.172,1,1,0.8,0.75,1,0,1,1,1.444887571,1.151431144,0.293456428,0,0.05
294,MTurk1,41,Female,BM,2a,1,0.45,1,0.1,389.875,18.118,0.95,0.95,0.25,0.75,1,0,1,0,2.592037894,1.281442457,1.310595437,0,-0.5
295,MTurk1,21,Male,PE,2b,1,0.05,1,0.9,9.557,16.752,1,1,1,0.2,1,1,1,0,1.023540522,1.249247289,-0.225706768,0,0.8
296,MTurk1,23,Female,BM,2a,1,0.45,1,0.1,81.579,26.546,0.99,0.99,0.85,0.95,1,0,1,0,1.916869619,1.440058543,0.476811076,0,-0.1
297,MTurk1,21,Male,BM,2a,0,0.9,1,0.1,23.552,9.927,1,1,0.9,0.9,1,1,1,1,1.390086875,1.038500943,0.351585932,0,0
298,MTurk1,22,Male,PE,2b,1,0.05,1,0.9,176.273,14.283,1,1,0.5,0.25,1,0,1,0,2.248642594,1.184208613,1.064433981,0,0.25
299,MTurk1,20,Female,BM,2a,0,0.9,1,0.1,12.954,6.035,1,1,0.8,0.7,NA,NA,0,0,1.144698719,0.847264102,0.297434617,0,0.1
300,MTurk1,26,Female,BM,1b,1,0.45,1,0.1,13.86,17.585,1,1,0.85,0.95,1,0,1,0,1.172018809,1.269162565,-0.097143756,0,-0.1
301,MTurk1,28,Female,BM,1b,1,0.45,1,0.1,47.316,16.587,1,1,0.5,1,1,0,1,0,1.684090973,1.245191764,0.438899209,0,-0.5
302,MTurk1,29,Male,BM,2a,0,0.9,1,0.1,10.078,6.547,1,1,0.7,0.8,NA,NA,1,1,1.044461361,0.87777435,0.166687011,0,-0.1
303,MTurk1,23,Male,PE,2b,1,0.05,1,0.9,10.888,18.331,1,1,0.9,0.75,1,0,1,0,1.075108796,1.286254321,-0.211145524,0,0.15
304,MTurk1,29,Male,BM,1b,1,0.45,1,0.1,39.171,49.309,1,1,0.1,0.1,1,0,1,0,1.603912643,1.701645685,-0.097733042,0,0
305,MTurk1,27,Male,BM,2a,0,0.9,1,0.1,29.145,7.875,1,1,0.3,0.78,NA,NA,1,1,1.479215288,0.948168362,0.531046926,0,-0.48
306,MTurk1,25,Male,BM,1b,0,0.9,1,0.1,5.15,258.303,1,1,0.9,0.95,0,0,0,0,0.788875116,2.413807541,-1.624932426,0,-0.05
307,MTurk1,22,Male,BM,1b,0,0.9,1,0.1,64.077,10.435,0.5,1,1,0.2,1,0,1,0,1.813427524,1.058236169,0.755191355,-0.5,0.8
308,MTurk1,24,Female,PE,1a,0,0.1,1,0.9,104.189,147.119,1,0.95,0.9,0.9,1,1,1,1,2.021970326,2.170610771,-0.148640445,0.05,0
309,MTurk1,22,Male,PE,1a,0,0.1,1,0.9,40.181,8.327,0.1,0.9,0.75,0.8,1,1,1,1,1.614696888,0.969741977,0.644954912,-0.8,-0.05
310,MTurk1,24,Female,BM,2a,1,0.45,1,0.1,12.164,11.934,1,1,90,75,1,0,1,0,1.119387874,1.111732857,0.007655017,0,15
311,MTurk1,26,Male,PE,2b,1,0.05,1,0.9,14.394,30.289,1,1,0.4,0.95,1,0,1,0,1.187351482,1.495391683,-0.308040201,0,-0.55
312,MTurk1,25,Male,PE,1a,0,0.1,1,0.9,6.542,10.573,1,1,0.9,0.8,1,1,1,1,0.877486528,1.063445953,-0.185959425,0,0.1
313,MTurk1,23,Male,PE,1a,1,0.05,1,0.9,70.716,187.58,1,1,1,0.8,NA,NA,0,1,1.855616059,2.275495631,-0.419879573,0,0.2
314,MTurk1,28,Male,BM,2a,0,0.7,1,0.1,34.95,13.436,0.5,0.5,0.75,0.75,1,1,1,1,1.555698895,1.159446873,0.396252021,0,0
315,MTurk1,24,Male,PE,2b,1,0.05,1,0.9,52.06,7.043,1,1,0.5,0.5,1,NA,1,0,1.724767246,0.905418069,0.819349177,0,0
316,MTurk1,35,Female,PE,2b,1,0.05,1,0.9,7.237,26.063,1,1,0.8,0.7,1,0,1,0,0.915769066,1.432375938,-0.516606872,0,0.1
317,MTurk1,25,Male,PE,2b,1,0.05,1,0.9,8.496,22.138,1,1,0.9,0.5,1,0,1,0,0.977540706,1.364325817,-0.386785111,0,0.4
318,MTurk1,20,Male,BM,2a,1,0.45,1,0.1,24.722,16.25,1,1,0.99,0.95,1,0,1,0,1.410304734,1.236789099,0.173515634,0,0.04
319,MTurk1,23,Male,BM,2a,0,0.9,1,0.1,9.999,5.889,1,1,0.95,0.85,1,1,1,1,1.041353202,0.838156185,0.203197017,0,0.1
320,MTurk1,39,Male,PE,2b,0,0.1,1,0.9,48.456,30.207,1,1,0.85,0.95,1,0,1,0,1.694218988,1.494252021,0.199966967,0,-0.1
321,MTurk1,23,Male,BM,2a,0,0.9,1,0.1,122.208,23.939,1,1,0.3,0.3,1,1,1,1,2.090638908,1.396879035,0.693759873,0,0
322,MTurk1,20,Male,BM,2b,0,0.9,1,0.1,13.05,11.838,1,1,0.99,0.9,1,0,1,0,1.147676324,1.108497371,0.039178953,0,0.09
323,MTurk1,21,Male,PE,1a,0,0.1,1,0.9,34.039,8.047,1,1,0.75,0.8,1,0,1,0,1.544551703,0.95650459,0.588047113,0,-0.05
324,MTurk1,23,Male,BM,2a,0,0.9,1,0.1,23.261,6.651,1,1,0.5,0.6,1,1,1,1,1.384908698,0.883718202,0.501190496,0,-0.1
325,MTurk1,39,Female,PE,2b,1,0.05,1,0.9,4.714,13.515,0.98,0.65,0.75,0.65,0,1,0,1,0.756940236,1.16181704,-0.404876804,0.33,0.1
326,MTurk1,24,Male,PE,1a,0,0.1,1,0.9,7.433,9.377,0.99,1,0.98,0.98,NA,NA,1,1,0.9259821,1.016071817,-0.090089716,-0.01,0
327,MTurk1,46,Female,BM,2b,0,0.9,1,0.1,9.909,9.654,1,1,0.75,0.95,1,0,1,0,1.037784942,1.027512692,0.010272249,0,-0.2
328,MTurk1,24,Male,PE,1a,1,0.05,1,0.9,6.807,18.837,0.9,0.8,0.8,0.8,1,0,1,0,0.892484179,1.297475993,-0.404991814,0.1,0
329,MTurk1,21,Female,PE,1a,1,0.05,1,0.9,30.924,17.566,0.9,0.5,0.5,0.5,1,0,1,0,1.504117302,1.268718346,0.235398956,0.4,0
330,MTurk1,21,Male,PE,2b,1,0.05,1,0.9,16.242,12.65,1,1,1,0.66,1,0,1,0,1.236587641,1.135132651,0.101454989,0,0.34
331,MTurk1,32,Male,BM,1b,0,0.9,1,0.1,38.326,19.664,0.75,0.99,0.6,0.99,0,0,1,0,1.594679775,1.315214393,0.279465382,-0.24,-0.39
332,MTurk1,18,Male,BM,1b,0,0.9,1,0.1,9.622,8.662,1,1,0.8,0.8,1,1,1,1,1.026206297,0.985067033,0.041139264,0,0
333,MTurk1,33,Male,PE,1a,0,0.1,1,0.9,23.519,14.959,1,1,0.98,0.98,0,0,0,0,1.389502754,1.203005675,0.186497079,0,0
334,MTurk1,24,Male,BM,1b,0,0.9,1,0.1,66.028,10.37,1,1,0.5,0.5,1,1,1,1,1.826256261,1.055760465,0.770495796,0,0
335,MTurk1,29,Female,BM,2a,0,0.9,1,0.1,9.141,3.799,1,1,0.75,0.75,1,1,1,1,1.006080783,0.68115075,0.324930033,0,0
336,MTurk1,24,Male,BM,2a,1,0.45,1,0.1,16.127,8.559,1,1,0.95,1,1,0,1,0,1.233681298,0.980412462,0.253268836,0,-0.05
337,MTurk1,29,Male,BM,1b,1,0.45,1,0.1,70.133,15.849,1,1,1,0.35,NA,NA,1,0,1.852071125,1.22657413,0.625496995,0,0.65
338,MTurk1,25,Male,BM,1b,0,0.9,1,0.1,60.037,17.615,0.5,0.5,0.6,0.6,1,1,1,1,1.78559318,1.269863041,0.515730139,0,0
339,MTurk1,22,Female,BM,1b,0,0.9,1,0.1,11.449,18.435,0.8,0.05,0.9,0.12,0,0,1,1,1.095134467,1.288584545,-0.193450078,0.75,0.78
340,MTurk1,40,Female,BM,2a,0,0.9,1,0.1,11.236,8.222,0.8,0.8,0.6,0.6,1,1,1,1,1.087639468,0.964825118,0.12281435,0,0
341,MTurk1,30,Female,BM,2a,1,0.45,1,0.1,32.302,20.457,1,1,0.2,0.99,1,0,1,0,1.522470316,1.331569001,0.190901315,0,-0.79
342,MTurk1,20,Male,BM,2a,0,0.9,1,0.1,11.456,3.756,1,1,0.75,0.75,1,1,1,1,1.0953786,0.677241846,0.418136754,0,0
343,MTurk1,33,Female,BM,1b,1,0.45,1,0.1,19.995,20.899,1,1,0.6,0.8,1,0,1,0,1.322115879,1.340424284,-0.018308405,0,-0.2
344,MTurk1,29,Female,PE,2b,0,0.1,1,0.9,10.237,47.603,1,1,0.8,0.85,1,0,1,0,1.050650381,1.686663077,-0.636012696,0,-0.05
345,MTurk1,21,Male,BM,2a,0,0.9,1,0.1,39.693,14.883,1,1,0.7,0.7,1,1,1,1,1.609519708,1.200932536,0.408587173,0,0
346,MTurk1,22,Male,PE,2b,1,0.05,1,0.9,10.488,6.643,1,1,0.9,0.9,1,0,1,0,1.060244427,0.88326386,0.176980567,0,0
347,MTurk1,22,Male,PE,2b,0,0.1,1,0.9,19.615,13.247,0.99,1,0.99,0.99,0,0,0,0,1.314183339,1.153723424,0.160459915,-0.01,0
348,MTurk1,49,Male,BM,2a,0,0.9,1,0.1,95.209,5.231,0.9,1,0.8,0.95,1,1,1,1,1.983215701,0.794557751,1.188657949,-0.1,-0.15
349,MTurk1,27,Female,PE,1b,0,0.1,1,0.9,36.945,7.008,0.25,0.8,0.65,0.65,0,0,1,1,1.579154557,0.903524064,0.675630493,-0.55,0
350,MTurk1,19,Male,PE,2b,1,0.05,1,0.9,25.629,10.524,1,1,0.75,1,1,0,1,0,1.425354858,1.06160325,0.363751608,0,-0.25
351,MTurk1,22,Male,BM,2a,0,0.9,1,0.1,62.376,29.799,0,0.8,0.4,0.25,0,0,0,0,1.801924825,1.488536616,0.313388209,-0.8,0.15
352,MTurk1,29,Male,BM,1b,0,0.9,1,0.1,6.644,7.631,1,0,0.9,0.75,0,0,0,0,0.883320678,0.936061117,-0.052740438,1,0.15
353,MTurk1,23,Male,PE,1a,0,0.1,1,0.9,10.445,11.437,1,1,0.85,0.85,1,1,1,1,1.058615797,1.094715634,-0.036099837,0,0
354,MTurk1,22,Male,PE,1a,0,0.1,1,0.9,12.179,132.294,0.9,0.1,0.7,0.4,1,0,1,0,1.119882458,2.124810601,-1.004928143,0.8,0.3
355,MTurk1,27,Male,PE,2b,0,0.1,1,0.9,39.12,38.919,0.7,1,0.7,0.7,NA,NA,1,0,1.603360924,1.601179653,0.002181271,-0.3,0
356,MTurk1,19,Male,PE,1a,0,0.1,1,0.9,13.139,8.067,1,0.5,1,0.3,NA,NA,0,0,1.150418694,0.957463616,0.192955079,0.5,0.7
357,MTurk1,24,Female,PE,1a,1,0.05,1,0.9,7.955,22.686,0.9,0.8,0.85,0.9,NA,0,1,0,0.95206559,1.374491725,-0.422426135,0.1,-0.05
358,MTurk1,21,Female,BM,2a,1,0.45,1,0.1,27.209,13.858,1,1,0.25,0.75,1,0,1,0,1.450387691,1.171960354,0.278427337,0,-0.5
359,MTurk1,25,Male,PE,1a,1,0.05,1,0.9,7.404,11.305,1,1,0.8,1,1,0,1,0,0.924486044,1.090081618,-0.165595574,0,-0.2
360,MTurk1,24,Male,BM,1b,0,0.9,1,0.1,14.041,8.475,0.1,1,0.5,1,1,0,1,0,1.177276711,0.976579219,0.200697493,-0.9,-0.5
361,MTurk1,23,Male,PE,1a,0,0.1,1,0.9,16.08,7.306,1,1,1,1,0,0,1,1,1.232487866,0.919391927,0.31309594,0,0
362,MTurk1,27,Male,BM,2a,0,0.9,1,0.1,13.588,6.795,1,1,0.6,0.6,NA,0,1,1,1.163995755,0.89181612,0.272179635,0,0
363,MTurk1,20,Female,PE,2b,0,0.1,1,0.9,6.853,13.878,1,1,0.99,0.3,0,0,0,0,0.895035597,1.172544554,-0.277508957,0,0.69
364,MTurk1,25,Male,BM,1b,0,0.9,1,0.1,15.074,14.093,1,1,0.98,0.95,1,0,1,0,1.206123964,1.178775572,0.027348392,0,0.03
365,MTurk1,36,Female,PE,1a,0,0.1,1,0.9,9.333,8.191,1,1,0.85,1,1,0,1,0,1.014226429,0.963362766,0.050863663,0,-0.15
366,MTurk1,21,Female,PE,2b,1,0.05,1,0.9,10.346,9.981,1,1,0.6,0.75,1,0,1,0,1.054842779,1.040641892,0.014200888,0,-0.15
367,MTurk1,39,Male,BM,1b,0,0.85,0,0.05,9.183,8.319,1,1,0.3,0.3,1,1,1,1,1.007875744,0.969369312,0.038506432,0,0
368,MTurk1,22,Male,PE,1a,0,0.1,1,0.9,15.609,9.387,1,1,0.9,0.9,1,0,1,0,1.220343485,1.016490132,0.203853353,0,0
369,MTurk1,21,Female,PE,2b,0,0.1,1,0.9,32.452,14.228,0.4,1,0.55,0.7,1,0,1,0,1.524422088,1.182642868,0.34177922,-0.6,-0.15
370,MTurk1,22,Female,PE,2b,1,0.05,1,0.9,31.66,21.823,1,1,0.35,0.6,1,0,1,0,1.51401618,1.35837273,0.15564345,0,-0.25
371,MTurk1,26,Male,BM,2a,0,0.9,1,0.1,14.818,12.093,1,1,0.9,0.9,0,NA,1,0,1.199151571,1.117039168,0.082112403,0,0
372,MTurk1,19,Female,PE,1a,0,0.1,1,0.9,3.778,2.312,0.2,0.2,0.4,0.4,1,1,1,1,0.679246145,0.520090328,0.159155817,0,0
373,MTurk1,24,Male,PE,2b,0,0.1,1,0.9,5.055,8.091,1,1,0.9,0.9,0,0,0,0,0.782114147,0.958611658,-0.17649751,0,0
374,MTurk1,25,Female,PE,1a,1,0.05,1,0.9,57.688,7.685,0.15,1,0.2,0.5,1,0,1,0,1.76854931,0.938769823,0.829779487,-0.85,-0.3
375,MTurk1,26,Male,BM,2a,0,0.9,1,0.1,9.049,7.792,1,1,0.9,0.9,0,0,0,0,1.002122846,0.944087679,0.058035167,0,0
376,MTurk1,21,Female,BM,2a,0,0.9,1,0.1,3.598,3.515,1,1,0.95,0.95,0,0,1,1,0.662568967,0.654657755,0.007911212,0,0
377,MTurk1,20,Male,BM,1b,0,0.9,1,0.1,8.541,8.908,1,1,0.99,0.99,0,0,1,0,0.979593896,0.995985998,-0.016392102,0,0
378,MTurk1,20,Male,PE,1a,1,0.05,1,0.9,7.551,8.592,0.9,1,0.8,1,1,0,0,0,0.932016906,0.98190917,-0.049892264,-0.1,-0.2
379,MTurk1,21,Female,PE,2b,1,0.05,1,0.9,5.735,8.656,0.8,0.9,0.5,0.75,1,0,1,0,0.8283376,0.984797257,-0.156459657,-0.1,-0.25
380,MTurk1,22,Male,PE,1a,0,0.1,1,0.9,5.83,5.92,1,1,1,1,0,0,0,0,0.834420704,0.840106094,-0.005685391,0,0
381,MTurk1,26,Male,BM,1b,0,0.9,1,0.1,4.372,5.956,1,1,0.5,0.5,1,1,1,1,0.730136004,0.842359573,-0.112223569,0,0
382,MTurk1,21,Male,PE,2b,0,0.1,1,0.9,2.433,3.802,0.9,0.9,0.5,0.5,NA,NA,1,1,0.535673803,0.681422156,-0.145748352,0,0
