Subject,Group,Age,Gender,StandardProblem,CBType,StandardAcc,StandardResp,ControlAcc,ControlResp,StandardRT,ControlRT,StandardConfidence,ControlConfidence,StandardOpinion,ControlOpinion,StandardRecall,ControlRecall,StandardMC,ControlMC,LogStandardRT,LogControlRT,LogRTdiff,Confdiff,Opindiff,temp
0,Mixtral,18,Female,PE,1a,1,0.05,1,0.9,-999,-999,0.9,1,0.7,0.8,-999,-999,-999,-999,-999,-999,-999,-0.1,-0.1,T0.05
1,Mixtral,18,Female,PE,1a,1,0.05,1,0.9,-999,-999,0.9,1,0.7,0.8,-999,-999,-999,-999,-999,-999,-999,-0.1,-0.1,T0.1
2,Mixtral,18,Female,PE,1a,1,0.05,1,0.9,-999,-999,0.9,1,0.7,0.8,-999,-999,-999,-999,-999,-999,-999,-0.1,-0.1,T0.2
3,Mixtral,18,Female,PE,1a,1,0.05,1,0.9,-999,-999,0.9,1,0.75,0.85,-999,-999,-999,-999,-999,-999,-999,-0.1,-0.1,T0.3
4,Mixtral,18,Female,PE,1a,0,0.1,1,90,-999,-999,0.95,0.95,0.75,0.8,-999,-999,-999,-999,-999,-999,-999,0,-0.05,T0.4
5,Mixtral,18,Female,PE,1a,0,0.1,1,0.9,-999,-999,1,1,0.5,0.75,-999,-999,-999,-999,-999,-999,-999,0,-0.25,T0.5
6,Mixtral,18,Female,PE,1a,0,0.1,1,0.9,-999,-999,0.95,1,0.75,0.85,-999,-999,-999,-999,-999,-999,-999,-0.05,-0.1,T0.6
7,Mixtral,18,Female,PE,1a,1,0.05,1,0.9,-999,-999,0.9,1,0.7,0.8,-999,-999,-999,-999,-999,-999,-999,-0.1,-0.1,T0.7
8,Mixtral,18,Female,PE,1a,0,0.1,1,0.9,-999,-999,1,1,0.75,0.825,-999,-999,-999,-999,-999,-999,-999,0,1.6,T0.8
9,Mixtral,18,Female,PE,1a,1,0.05,1,0.9,-999,-999,0.99,0.99,0.75,0.8,-999,-999,-999,-999,-999,-999,-999,0,-0.05,T0.9
10,Mixtral,18,Female,PE,1a,1,0.05,1,0.9,-999,-999,0.9,0.9,0.6,0.7,-999,-999,-999,-999,-999,-999,-999,0,-0.1,T1
11,Mixtral,18,Female,PE,1a,1,0.05,1,0.9,-999,-999,0.8,0.9,0.3,0.6,-999,-999,-999,-999,-999,-999,-999,-0.1,-0.3,T1.3
12,Mixtral,18,Female,PE,1a,1,0.05,1,0.9,-999,-999,0.99,1,0.35,0.98,-999,-999,-999,-999,-999,-999,-999,-0.01,-0.63,T1.6
13,Mixtral,18,Female,PE,1a,0,0.1,1,90,-999,-999,0.5,1,0.1,0.75,-999,-999,-999,-999,-999,-999,-999,-0.995,-0.72,T2.4
14,Mixtral,18,Female,PE,1a,1,0.05,1,90,-999,-999,0.85,1,0.35,0.87,-999,-999,-999,-999,-999,-999,-999,-0.15,-0.52,T3.2
15,Mixtral,18,Male,PE,1a,1,0.05,1,0.9,-999,-999,0.9,1,0.7,0.8,-999,-999,-999,-999,-999,-999,-999,-0.1,-0.1,T0.05
16,Mixtral,18,Male,PE,1a,1,0.05,1,0.9,-999,-999,0.9,1,0.7,0.8,-999,-999,-999,-999,-999,-999,-999,-0.1,-0.1,T0.1
17,Mixtral,18,Male,PE,1a,1,0.05,1,0.9,-999,-999,0.9,1,0.7,0.8,-999,-999,-999,-999,-999,-999,-999,-0.1,-0.1,T0.2
18,Mixtral,18,Male,PE,1a,0,0.9,1,0.9,-999,-999,1,1,0.5,0.75,-999,-999,-999,-999,-999,-999,-999,0,-0.25,T0.3
19,Mixtral,18,Male,PE,1a,0,0.1,1,0.9,-999,-999,0.95,0.9,0.75,0.8,-999,-999,-999,-999,-999,-999,-999,0.05,-0.05,T0.4
20,Mixtral,18,Male,PE,1a,1,0.05,1,0.9,-999,-999,0.9,1,0.75,0.85,-999,-999,-999,-999,-999,-999,-999,-0.1,-0.1,T0.5
21,Mixtral,18,Male,PE,1a,1,0.05,1,0.9,-999,-999,1,1,0.9,0.7,-999,-999,-999,-999,-999,-999,-999,0,0.2,T0.6
22,Mixtral,18,Male,PE,1a,0,10,1,90,-999,-999,0.95,1,0.6,0.9,-999,-999,-999,-999,-999,-999,-999,-0.05,-0.3,T0.7
23,Mixtral,18,Male,PE,1a,0,0.1,1,0.9,-999,-999,0.9,0.9,0.3,0.3,-999,-999,-999,-999,-999,-999,-999,0,0,T0.8
24,Mixtral,18,Male,PE,1a,0,0.1,1,0.9,-999,-999,0.99,1,0.6,0.75,-999,-999,-999,-999,-999,-999,-999,-0.01,-0.15,T0.9
25,Mixtral,18,Male,PE,1a,0,0.1,1,90,-999,-999,0.95,1,0.5,0.75,-999,-999,-999,-999,-999,-999,-999,-0.05,-0.25,T1
26,Mixtral,18,Male,PE,1a,0,0.1,1,0.9,-999,-999,1,1,0.9,0.95,-999,-999,-999,-999,-999,-999,-999,0,-0.05,T1.3
27,Mixtral,18,Male,PE,1a,1,0.05,1,0.9,-999,-999,0.95,0.98,0.2,0.9,-999,-999,-999,-999,-999,-999,-999,-0.03,-0.7,T1.6
28,Mixtral,18,Male,PE,1a,0,0.1,1,0.9,-999,-999,1,1,0.12,-999,-999,-999,-999,-999,-999,-999,-999,0.001,0.115,T2.4
29,Mixtral,18,Male,PE,1a,1,0.05,1,0.9,-999,-999,0.75,0.8,0.95,0.75,-999,-999,-999,-999,-999,-999,-999,-0.7985,0.2,T3.2
30,Mixtral,18,Female,BM,1b,1,0.45,1,0.1,-999,-999,1,1,0.8,0.95,-999,-999,-999,-999,-999,-999,-999,0,-0.15,T0.05
31,Mixtral,18,Female,BM,1b,1,0.45,1,0.1,-999,-999,1,1,0.8,0.95,-999,-999,-999,-999,-999,-999,-999,0,-0.15,T0.1
32,Mixtral,18,Female,BM,1b,1,0.45,1,0.1,-999,-999,1,1,0.75,0.95,-999,-999,-999,-999,-999,-999,-999,0,-0.2,T0.2
33,Mixtral,18,Female,BM,1b,1,0.45,1,0.1,-999,-999,1,1,0.75,0.95,-999,-999,-999,-999,-999,-999,-999,0,-0.2,T0.3
34,Mixtral,18,Female,BM,1b,1,45,1,10,-999,-999,0.75,0.95,0.85,0.95,-999,-999,-999,-999,-999,-999,-999,-0.2,-0.1,T0.4
35,Mixtral,18,Female,BM,1b,1,0.45,1,0.1,-999,-999,1,1,0.8,0.95,-999,-999,-999,-999,-999,-999,-999,0,-0.15,T0.5
36,Mixtral,18,Female,BM,1b,0,0.5,1,10,-999,-999,0.7,1,0.65,0.95,-999,-999,-999,-999,-999,-999,-999,-0.3,-0.3,T0.6
37,Mixtral,18,Female,BM,1b,1,0.45,1,0.1,-999,-999,0.95,0.95,0.65,0.75,-999,-999,-999,-999,-999,-999,-999,0,-0.1,T0.7
38,Mixtral,18,Female,BM,1b,1,0.45,1,0.1,-999,-999,0.95,1,0.75,0.95,-999,-999,-999,-999,-999,-999,-999,-0.05,-0.2,T0.8
39,Mixtral,18,Female,BM,1b,1,0.45,1,0.1,-999,-999,0.98,0.99,0.55,0.75,-999,-999,-999,-999,-999,-999,-999,-0.01,-0.2,T0.9
40,Mixtral,18,Female,BM,1b,1,0.45,1,0.1,-999,-999,0.8,0.95,0.8,0.95,-999,-999,-999,-999,-999,-999,-999,-0.15,-0.15,T1
41,Mixtral,18,Female,BM,1b,1,0.45,1,0.1,-999,-999,0.85,0.95,0.6,0.75,-999,-999,-999,-999,-999,-999,-999,-0.1,-0.15,T1.3
42,Mixtral,18,Female,BM,1b,0,0.95,1,0.1,-999,-999,1,0.99,0.43,0.67,-999,-999,-999,-999,-999,-999,-999,0.01,-0.24,T1.6
43,Mixtral,18,Female,BM,1b,0,0.2,1,10,-999,-999,0.99,0.65,0.5,0.2,-999,-999,-999,-999,-999,-999,-999,0.34,0.3,T2.4
44,Mixtral,18,Female,BM,1b,0,0.5,0,-999,-999,-999,0.7,0.9,0.8,0.5,-999,-999,-999,-999,-999,-999,-999,-0.2,0.3,T3.2
45,Mixtral,18,Male,BM,1b,0,90,1,10,-999,-999,0.95,0.95,0.8,0.75,-999,-999,-999,-999,-999,-999,-999,0,0.05,T0.05
46,Mixtral,18,Male,BM,1b,0,90,1,10,-999,-999,0.9,0.95,0.6,0.75,-999,-999,-999,-999,-999,-999,-999,-0.05,-0.15,T0.1
47,Mixtral,18,Male,BM,1b,0,90,1,10,-999,-999,0.9,0.95,0.6,0.75,-999,-999,-999,-999,-999,-999,-999,-0.05,-0.15,T0.2
48,Mixtral,18,Male,BM,1b,0,90,1,10,-999,-999,1,1,0.85,0.9,-999,-999,-999,-999,-999,-999,-999,0,-0.05,T0.3
49,Mixtral,18,Male,BM,1b,1,45,1,10,-999,-999,1,1,0.75,0.95,-999,-999,-999,-999,-999,-999,-999,0,-0.2,T0.4
50,Mixtral,18,Male,BM,1b,0,90,1,10,-999,-999,1,1,0.85,0.95,-999,-999,-999,-999,-999,-999,-999,0,-0.1,T0.5
51,Mixtral,18,Male,BM,1b,1,0.45,1,0.1,-999,-999,0.95,0.95,0.6,0.75,-999,-999,-999,-999,-999,-999,-999,0,-0.15,T0.6
52,Mixtral,18,Male,BM,1b,1,0.45,1,0.1,-999,-999,0.65,0.9,0.3,0.75,-999,-999,-999,-999,-999,-999,-999,-0.25,-0.45,T0.7
53,Mixtral,18,Male,BM,1b,1,0.45,1,0.1,-999,-999,0.9,1,0.8,0.9,-999,-999,-999,-999,-999,-999,-999,-0.1,-0.1,T0.8
54,Mixtral,18,Male,BM,1b,1,0.45,1,0.1,-999,-999,0.7,0.95,0.3,0.95,-999,-999,-999,-999,-999,-999,-999,-0.25,-0.65,T0.9
55,Mixtral,18,Male,BM,1b,0,10,1,10,-999,-999,0.95,0.95,0.65,0.65,-999,-999,-999,-999,-999,-999,-999,0,0,T1
56,Mixtral,18,Male,BM,1b,0,10,1,10,-999,-999,1,1,0.5,0.75,-999,-999,-999,-999,-999,-999,-999,0,-0.25,T1.3
57,Mixtral,18,Male,BM,1b,0,-999,1,0.1,-999,-999,0.99,0.99,0.35,-999,-999,-999,-999,-999,-999,-999,-999,0.98,-0.1,T1.6
58,Mixtral,18,Male,BM,1b,1,0.45,1,10,-999,-999,1,1,0.85,0.75,-999,-999,-999,-999,-999,-999,-999,0,0.1,T2.4
59,Mixtral,18,Male,BM,1b,0,2,1,10,-999,-999,0.95,0.85,0.85,0.5,-999,-999,-999,-999,-999,-999,-999,0.1,0.35,T3.2
60,Mixtral,18,Female,BM,2a,1,0.45,1,0.1,-999,-999,1,1,0.75,0.8,-999,-999,-999,-999,-999,-999,-999,0,-0.05,T0.05
61,Mixtral,18,Female,BM,2a,1,0.45,1,0.1,-999,-999,1,1,0.75,0.9,-999,-999,-999,-999,-999,-999,-999,0,-0.15,T0.1
62,Mixtral,18,Female,BM,2a,1,0.45,1,0.1,-999,-999,1,1,0.7,0.8,-999,-999,-999,-999,-999,-999,-999,0,-0.1,T0.2
63,Mixtral,18,Female,BM,2a,1,0.45,1,0.1,-999,-999,0.8,1,0.6,0.9,-999,-999,-999,-999,-999,-999,-999,-0.2,-0.3,T0.3
64,Mixtral,18,Female,BM,2a,1,0.45,1,0.1,-999,-999,1,1,0.75,0.8,-999,-999,-999,-999,-999,-999,-999,0,-0.05,T0.4
65,Mixtral,18,Female,BM,2a,1,0.45,1,0.1,-999,-999,1,1,0.75,0.85,-999,-999,-999,-999,-999,-999,-999,0,-0.1,T0.5
66,Mixtral,18,Female,BM,2a,1,0.45,1,0.1,-999,-999,0.8,1,0.6,0.9,-999,-999,-999,-999,-999,-999,-999,-0.2,-0.3,T0.6
67,Mixtral,18,Female,BM,2a,0,0.4,1,0.1,-999,-999,0.5,0.7,0.6,0.8,-999,-999,-999,-999,-999,-999,-999,-0.2,-0.2,T0.7
68,Mixtral,18,Female,BM,2a,0,50,1,10,-999,-999,1,1,0.1,0.8,-999,-999,-999,-999,-999,-999,-999,0,-0.7,T0.8
69,Mixtral,18,Female,BM,2a,1,0.45,1,0.1,-999,-999,0.9,1,0.75,0.8,-999,-999,-999,-999,-999,-999,-999,-0.1,-0.05,T0.9
70,Mixtral,18,Female,BM,2a,1,0.45,1,1.1,-999,-999,0.8,0.9,0.4,0.6,-999,-999,-999,-999,-999,-999,-999,-0.1,-0.2,T1
71,Mixtral,18,Female,BM,2a,0,0.9,1,0.1,-999,-999,0.7,-999,0.65,0.8,-999,-999,-999,-999,-999,-999,-999,-999,-0.15,T1.3
72,Mixtral,18,Female,BM,2a,1,0.45,1,0.1,-999,-999,0.75,1,0.3,0.6,-999,-999,-999,-999,-999,-999,-999,-0.25,-0.3,T1.6
73,Mixtral,18,Female,BM,2a,1,0.45,1,0.1,-999,-999,1,1,0.5,0.8,-999,-999,-999,-999,-999,-999,-999,0,-0.3,T2.4
74,Mixtral,18,Female,BM,2a,1,0.45,1,1.1,-999,-999,0.7,1,0.2,0.5,-999,-999,-999,-999,-999,-999,-999,-0.3,-0.3,T3.2
75,Mixtral,18,Male,BM,2a,1,0.45,1,0.1,-999,-999,1,1,0.75,0.85,-999,-999,-999,-999,-999,-999,-999,0,-0.1,T0.05
76,Mixtral,18,Male,BM,2a,1,0.45,1,0.1,-999,-999,1,1,0.75,0.8,-999,-999,-999,-999,-999,-999,-999,0,-0.05,T0.1
77,Mixtral,18,Male,BM,2a,1,0.45,1,0.1,-999,-999,0.9,1,0.75,0.8,-999,-999,-999,-999,-999,-999,-999,-0.1,-0.05,T0.2
78,Mixtral,18,Male,BM,2a,1,0.45,1,0.1,-999,-999,1,1,0.75,0.9,-999,-999,-999,-999,-999,-999,-999,0,-0.15,T0.3
79,Mixtral,18,Male,BM,2a,1,0.45,1,0.1,-999,-999,0.9,1,0.7,0.95,-999,-999,-999,-999,-999,-999,-999,-0.1,-0.25,T0.4
80,Mixtral,18,Male,BM,2a,1,0.45,1,0.1,-999,-999,1,1,0.9,0.8,-999,-999,-999,-999,-999,-999,-999,0,0.1,T0.5
81,Mixtral,18,Male,BM,2a,1,0.45,1,0.1,-999,-999,1,1,0.6,0.9,-999,-999,-999,-999,-999,-999,-999,0,-0.3,T0.6
82,Mixtral,18,Male,BM,2a,1,0.45,1,0.1,-999,-999,1,1,0.5,0.9,-999,-999,-999,-999,-999,-999,-999,0,-0.4,T0.7
83,Mixtral,18,Male,BM,2a,1,0.45,1,0.1,-999,-999,1,1,0.5,0.5,-999,-999,-999,-999,-999,-999,-999,0,0,T0.8
84,Mixtral,18,Male,BM,2a,1,0.45,1,0.1,-999,-999,0.9,0.8,0.6,0.7,-999,-999,-999,-999,-999,-999,-999,0.1,-0.1,T0.9
85,Mixtral,18,Male,BM,2a,1,0.45,0,1,-999,-999,1,-999,0.3,0.5,-999,-999,-999,-999,-999,-999,-999,-999,-0.2,T1
86,Mixtral,18,Male,BM,2a,1,0.45,1,0.1,-999,-999,0.7,1,0.6,0.9,-999,-999,-999,-999,-999,-999,-999,-0.3,-0.3,T1.3
87,Mixtral,18,Male,BM,2a,0,0.5,1,0.1,-999,-999,0.99,1,0.6,0.98,-999,-999,-999,-999,-999,-999,-999,-0.01,-0.38,T1.6
88,Mixtral,18,Male,BM,2a,0,0.7,0,-999,-999,-999,0.9,-999,-999,-999,-999,-999,-999,-999,-999,-999,-999,-999,-999,T2.4
89,Mixtral,18,Male,BM,2a,1,0.45,1,0.1,-999,-999,0.8,1,0.95,0.7,-999,-999,-999,-999,-999,-999,-999,-0.2,0.25,T3.2
90,Mixtral,18,Female,PE,2b,1,0.05,1,0.9,-999,-999,1,1,0.6,0.75,-999,-999,-999,-999,-999,-999,-999,0,-0.15,T0.05
91,Mixtral,18,Female,PE,2b,1,0.05,1,0.9,-999,-999,1,1,0.8,0.95,-999,-999,-999,-999,-999,-999,-999,0,-0.15,T0.1
92,Mixtral,18,Female,PE,2b,1,0.05,1,0.9,-999,-999,1,1,0.6,0.75,-999,-999,-999,-999,-999,-999,-999,0,-0.15,T0.2
93,Mixtral,18,Female,PE,2b,1,0.05,1,0.9,-999,-999,1,1,0.75,0.95,-999,-999,-999,-999,-999,-999,-999,0,-0.2,T0.3
94,Mixtral,18,Female,PE,2b,1,0.05,1,0.9,-999,-999,1,1,0.75,0.5,-999,-999,-999,-999,-999,-999,-999,0,0.25,T0.4
95,Mixtral,18,Female,PE,2b,1,0.05,1,0.9,-999,-999,1,1,0.9,0.75,-999,-999,-999,-999,-999,-999,-999,0,0.15,T0.5
96,Mixtral,18,Female,PE,2b,1,0.05,1,0.9,-999,-999,1,1,0.3,0.9,-999,-999,-999,-999,-999,-999,-999,0,-0.6,T0.6
97,Mixtral,18,Female,PE,2b,1,0.05,1,0.9,-999,-999,0.65,0.95,0.45,0.75,-999,-999,-999,-999,-999,-999,-999,-0.3,-0.3,T0.7
98,Mixtral,18,Female,PE,2b,1,0.05,1,0.9,-999,-999,1,1,0.5,0.75,-999,-999,-999,-999,-999,-999,-999,0,-0.25,T0.8
99,Mixtral,18,Female,PE,2b,1,0.05,1,90,-999,-999,0.9,1,0.65,0.75,-999,-999,-999,-999,-999,-999,-999,-0.1,-1.45,T0.9
100,Mixtral,18,Female,PE,2b,1,5,1,90,-999,-999,1,1,-999,0.9,-999,-999,-999,-999,-999,-999,-999,0,-999,T1
101,Mixtral,18,Female,PE,2b,0,0.1,1,0.9,-999,-999,0.8,1,0.67,0.9,-999,-999,-999,-999,-999,-999,-999,-0.2,-0.23,T1.3
102,Mixtral,18,Female,PE,2b,0,1,1,0.9,-999,-999,1,1,0.825,0.7,-999,-999,-999,-999,-999,-999,-999,0,-1.55,T1.6
103,Mixtral,18,Female,PE,2b,0,0.1,1,0.3,-999,-999,0.74,0.85,0.66,0.34,-999,-999,-999,-999,-999,-999,-999,-0.11,0.32,T2.4
104,Mixtral,18,Female,PE,2b,1,0.05,1,90,-999,-999,0.98,0.75,0.35,0.75,-999,-999,-999,-999,-999,-999,-999,0.23,-1.15,T3.2
105,Mixtral,18,Male,PE,2b,1,0.05,1,0.9,-999,-999,1,1,0.8,0.75,-999,-999,-999,-999,-999,-999,-999,0,0.05,T0.05
106,Mixtral,18,Male,PE,2b,1,0.05,1,0.9,-999,-999,1,1,0.8,0.75,-999,-999,-999,-999,-999,-999,-999,0,0.05,T0.1
107,Mixtral,18,Male,PE,2b,1,0.05,1,0.9,-999,-999,1,1,0.75,0.95,-999,-999,-999,-999,-999,-999,-999,0,-0.2,T0.2
108,Mixtral,18,Male,PE,2b,1,0.05,1,0.9,-999,-999,1,1,0.8,0.75,-999,-999,-999,-999,-999,-999,-999,0,0.05,T0.3
109,Mixtral,18,Male,PE,2b,1,0.05,1,0.9,-999,-999,1,1,0.75,0.5,-999,-999,-999,-999,-999,-999,-999,0,0.25,T0.4
110,Mixtral,18,Male,PE,2b,1,0.05,1,0.9,-999,-999,1,1,0.75,0.5,-999,-999,-999,-999,-999,-999,-999,0,0.25,T0.5
111,Mixtral,18,Male,PE,2b,1,0.05,1,0.9,-999,-999,0.9,1,0.6,0.75,-999,-999,-999,-999,-999,-999,-999,-0.1,-0.15,T0.6
112,Mixtral,18,Male,PE,2b,1,0.05,1,0.9,-999,-999,1,1,0.7,0.5,-999,-999,-999,-999,-999,-999,-999,0,0.2,T0.7
113,Mixtral,18,Male,PE,2b,1,0.05,1,0.9,-999,-999,0.7,0.95,0.3,0.6,-999,-999,-999,-999,-999,-999,-999,-0.25,-0.3,T0.8
114,Mixtral,18,Male,PE,2b,1,0.05,1,0.9,-999,-999,0.7,0.85,0.4,0.34,-999,-999,-999,-999,-999,-999,-999,-0.15,0.06,T0.9
115,Mixtral,18,Male,PE,2b,0,0.1,1,0.9,-999,-999,1,1,0.3,0.5,-999,-999,-999,-999,-999,-999,-999,0,-0.2,T1
116,Mixtral,18,Male,PE,2b,1,0.05,1,0.9,-999,-999,0.98,0.8,0.5,0.9,-999,-999,-999,-999,-999,-999,-999,-0.7995,-0.4,T1.3
117,Mixtral,18,Male,PE,2b,0,0.1,1,0.9,-999,-999,0.7,0.5,0.8,0.3,-999,-999,-999,-999,-999,-999,-999,0.2,0.5,T1.6
118,Mixtral,18,Male,PE,2b,0,0.1,1,0.9,-999,-999,0.54,1,0.54,0.34,-999,-999,-999,-999,-999,-999,-999,-0.46,0.2,T2.4
119,Mixtral,18,Male,PE,2b,0,0.1,1,90,-999,-999,0.72,1,0.5,67.5,-999,-999,-999,-999,-999,-999,-999,-0.28,1.25,T3.2
120,Mixtral,18,Female,PE,1a,1,0.05,1,0.9,-999,-999,0.9,1,0.75,0.85,-999,-999,-999,-999,-999,-999,-999,-0.1,-0.1,T0.05
121,Mixtral,18,Female,PE,1a,1,0.05,1,0.9,-999,-999,0.9,1,0.75,0.85,-999,-999,-999,-999,-999,-999,-999,-0.1,-0.1,T0.1
122,Mixtral,18,Female,PE,1a,1,0.05,1,0.9,-999,-999,0.9,1,0.4,0.8,-999,-999,-999,-999,-999,-999,-999,-0.1,-0.4,T0.2
123,Mixtral,18,Female,PE,1a,1,0.05,1,0.9,-999,-999,0.9,1,0.75,0.8,-999,-999,-999,-999,-999,-999,-999,-0.1,-0.05,T0.3
124,Mixtral,18,Female,PE,1a,1,0.05,1,0.9,-999,-999,0.9,1,0.2,0.8,-999,-999,-999,-999,-999,-999,-999,-0.1,-0.6,T0.4
125,Mixtral,18,Female,PE,1a,1,0.05,1,90,-999,-999,1,1,0.99,0.85,-999,-999,-999,-999,-999,-999,-999,0,0.14,T0.5
126,Mixtral,18,Female,PE,1a,0,0.1,1,0.9,-999,-999,0.95,0.9,0.25,0.5,-999,-999,-999,-999,-999,-999,-999,0.05,-0.25,T0.6
127,Mixtral,18,Female,PE,1a,0,10,1,90,-999,-999,1,1,0.5,0.7,-999,-999,-999,-999,-999,-999,-999,0,-0.2,T0.7
128,Mixtral,18,Female,PE,1a,1,5,1,90,-999,-999,1,0.75,0.23,0.68,-999,-999,-999,-999,-999,-999,-999,0.25,-0.45,T0.8
129,Mixtral,18,Female,PE,1a,0,10,1,90,-999,-999,1,1,0.5,0.75,-999,-999,-999,-999,-999,-999,-999,0,-0.25,T0.9
130,Mixtral,18,Female,PE,1a,0,0.1,1,90,-999,-999,0.9,0.95,0.95,0.98,-999,-999,-999,-999,-999,-999,-999,-0.05,-0.03,T1
131,Mixtral,18,Female,PE,1a,0,0.1,1,90,-999,-999,0.95,0.98,-999,0.9,-999,-999,-999,-999,-999,-999,-999,-0.03,-999,T1.3
132,Mixtral,18,Female,PE,1a,1,0.05,1,0.9,-999,-999,0.95,0.98,0.75,0.95,-999,-999,-999,-999,-999,-999,-999,-0.03,-0.2,T1.6
133,Mixtral,18,Female,PE,1a,1,5,1,90,-999,-999,1,1,0.999,1,-999,-999,-999,-999,-999,-999,-999,0,-0.001,T2.4
134,Mixtral,18,Female,PE,1a,0,10,1,90,-999,-999,0.99,0.85,0.625,0.35,-999,-999,-999,-999,-999,-999,-999,0.14,-1.1,T3.2
135,Mixtral,18,Male,PE,1a,1,0.05,1,0.9,-999,-999,0.9,1,0.7,0.8,-999,-999,-999,-999,-999,-999,-999,-0.1,-0.1,T0.05
136,Mixtral,18,Male,PE,1a,0,0.1,1,90,-999,-999,0.95,0.95,0.75,0.8,-999,-999,-999,-999,-999,-999,-999,0,-0.05,T0.1
137,Mixtral,18,Male,PE,1a,0,0.1,1,90,-999,-999,0.95,0.95,0.75,0.8,-999,-999,-999,-999,-999,-999,-999,0,-0.05,T0.2
138,Mixtral,18,Male,PE,1a,1,0.05,1,0.9,-999,-999,0.9,0.95,0.75,0.8,-999,-999,-999,-999,-999,-999,-999,-0.05,-0.05,T0.3
139,Mixtral,18,Male,PE,1a,1,0.05,1,0.9,-999,-999,0.9,1,0.7,0.8,-999,-999,-999,-999,-999,-999,-999,-0.1,-0.1,T0.4
140,Mixtral,18,Male,PE,1a,1,0.05,1,0.9,-999,-999,1,1,0.9,0.75,-999,-999,-999,-999,-999,-999,-999,0,0.15,T0.5
141,Mixtral,18,Male,PE,1a,1,0.05,1,0.9,-999,-999,1,1,0.95,0.8,-999,-999,-999,-999,-999,-999,-999,0,0.15,T0.6
142,Mixtral,18,Male,PE,1a,1,5,1,90,-999,-999,0.9,1,0.75,0.8,-999,-999,-999,-999,-999,-999,-999,-0.99,-0.05,T0.7
143,Mixtral,18,Male,PE,1a,0,0.1,1,0.9,-999,-999,1,1,0.95,0.8,-999,-999,-999,-999,-999,-999,-999,0,0.15,T0.8
144,Mixtral,18,Male,PE,1a,1,0.05,1,0.9,-999,-999,0.9,1,0.6,0.75,-999,-999,-999,-999,-999,-999,-999,-0.1,-0.15,T0.9
145,Mixtral,18,Male,PE,1a,1,0.05,1,0.9,-999,-999,1,1,1,0.875,-999,-999,-999,-999,-999,-999,-999,-999,1.9,T1
146,Mixtral,18,Male,PE,1a,1,0.05,1,0.9,-999,-999,0.75,0.9,0.25,0.35,-999,-999,-999,-999,-999,-999,-999,-0.15,0.65,T1.3
147,Mixtral,18,Male,PE,1a,1,0.05,1,0.9,-999,-999,0.99,1,0.75,0.8,-999,-999,-999,-999,-999,-999,-999,-0.01,-0.05,T1.6
148,Mixtral,18,Male,PE,1a,0,10,0,30,-999,-999,0.65,0.9,0.25,-999,-999,-999,-999,-999,-999,-999,-999,-0.25,-999,T2.4
149,Mixtral,18,Male,PE,1a,1,5,1,90,-999,-999,0.99,1,0.6,0.99,-999,-999,-999,-999,-999,-999,-999,-0.01,-0.39,T3.2
150,Mixtral,18,Female,BM,1b,1,0.45,1,0.1,-999,-999,1,1,0.8,0.95,-999,-999,-999,-999,-999,-999,-999,0,-0.15,T0.05
151,Mixtral,18,Female,BM,1b,1,0.45,1,0.1,-999,-999,1,1,0.8,0.95,-999,-999,-999,-999,-999,-999,-999,0,-0.15,T0.1
152,Mixtral,18,Female,BM,1b,1,0.45,1,0.1,-999,-999,1,1,0.85,0.95,-999,-999,-999,-999,-999,-999,-999,0,-0.1,T0.2
153,Mixtral,18,Female,BM,1b,1,0.45,1,0.1,-999,-999,1,1,0.8,0.95,-999,-999,-999,-999,-999,-999,-999,0,-0.15,T0.3
154,Mixtral,18,Female,BM,1b,1,0.45,1,0.1,-999,-999,1,1,0.85,0.95,-999,-999,-999,-999,-999,-999,-999,0,-0.1,T0.4
155,Mixtral,18,Female,BM,1b,1,0.45,1,0.1,-999,-999,0.95,0.95,0.7,0.6,-999,-999,-999,-999,-999,-999,-999,0,0.1,T0.5
156,Mixtral,18,Female,BM,1b,1,0.45,1,0.1,-999,-999,1,1,0.8,0.9,-999,-999,-999,-999,-999,-999,-999,0,-0.1,T0.6
157,Mixtral,18,Female,BM,1b,1,0.45,1,0.1,-999,-999,0.85,1,0.6,0.95,-999,-999,-999,-999,-999,-999,-999,-0.15,-0.35,T0.7
158,Mixtral,18,Female,BM,1b,0,90,1,10,-999,-999,0.99,0.95,0.8,0.9,-999,-999,-999,-999,-999,-999,-999,0.04,-0.1,T0.8
159,Mixtral,18,Female,BM,1b,1,0.45,1,0.1,-999,-999,0.75,1,0.8,0.95,-999,-999,-999,-999,-999,-999,-999,-0.25,-0.15,T0.9
160,Mixtral,18,Female,BM,1b,0,0.5,1,0.1,-999,-999,0.85,0.95,0.6,0.8,-999,-999,-999,-999,-999,-999,-999,-0.1,-0.2,T1
161,Mixtral,18,Female,BM,1b,0,2,1,10,-999,-999,0.01,0.95,0.1,0.5,-999,-999,-999,-999,-999,-999,-999,-0.94,-0.4,T1.3
162,Mixtral,18,Female,BM,1b,1,0.45,1,0.1,-999,-999,0.9,1,0.7,0.95,-999,-999,-999,-999,-999,-999,-999,-0.1,-0.25,T1.6
163,Mixtral,18,Female,BM,1b,1,0.45,1,0.1,-999,-999,0.9,1,0.5,0.7,-999,-999,-999,-999,-999,-999,-999,-0.1,-0.2,T2.4
164,Mixtral,18,Female,BM,1b,0,2,0,0.1,-999,-999,0.6,0.7,0.28,0.35,-999,-999,-999,-999,-999,-999,-999,-0.1,-0.07,T3.2
165,Mixtral,18,Male,BM,1b,1,0.45,1,0.1,-999,-999,1,1,0.8,0.95,-999,-999,-999,-999,-999,-999,-999,0,-0.15,T0.05
166,Mixtral,18,Male,BM,1b,1,0.45,1,0.1,-999,-999,1,1,0.8,0.95,-999,-999,-999,-999,-999,-999,-999,0,-0.15,T0.1
167,Mixtral,18,Male,BM,1b,0,90,1,10,-999,-999,0.95,0.95,0.8,0.75,-999,-999,-999,-999,-999,-999,-999,0,0.05,T0.2
168,Mixtral,18,Male,BM,1b,0,10,1,10,-999,-999,1,1,0.8,0.95,-999,-999,-999,-999,-999,-999,-999,0,-0.15,T0.3
169,Mixtral,18,Male,BM,1b,0,0.9,1,10,-999,-999,1,1,0.9,0.95,-999,-999,-999,-999,-999,-999,-999,0,-0.05,T0.4
170,Mixtral,18,Male,BM,1b,0,30,1,10,-999,-999,0.98,0.95,0.6,0.75,-999,-999,-999,-999,-999,-999,-999,0.03,-0.15,T0.5
171,Mixtral,18,Male,BM,1b,1,0.45,1,0.1,-999,-999,1,1,0.85,0.95,-999,-999,-999,-999,-999,-999,-999,0,-0.1,T0.6
172,Mixtral,18,Male,BM,1b,0,0.5,1,10,-999,-999,1,1,0.75,0.95,-999,-999,-999,-999,-999,-999,-999,0,-0.2,T0.7
173,Mixtral,18,Male,BM,1b,1,0.45,1,0.1,-999,-999,0.95,0.95,0.65,0.75,-999,-999,-999,-999,-999,-999,-999,0,-0.1,T0.8
174,Mixtral,18,Male,BM,1b,1,0.45,1,110,-999,-999,0.95,0.95,0.9,0.98,-999,-999,-999,-999,-999,-999,-999,0,-0.08,T0.9
175,Mixtral,18,Male,BM,1b,0,1.45,0,-999,-999,-999,1,0.95,0.5,0.75,-999,-999,-999,-999,-999,-999,-999,0.05,-0.25,T1
176,Mixtral,18,Male,BM,1b,1,0.45,0,-999,-999,-999,0.8,0.75,0.6,0.4,-999,-999,-999,-999,-999,-999,-999,0.05,-0.38,T1.3
177,Mixtral,18,Male,BM,1b,1,0.45,1,0.1,-999,-999,0.8,1,0.6,0.95,-999,-999,-999,-999,-999,-999,-999,-0.2,-0.35,T1.6
178,Mixtral,18,Male,BM,1b,0,0.9,1,0.1,-999,-999,0.67,1,0.84,0.99,-999,-999,-999,-999,-999,-999,-999,-0.33,-0.15,T2.4
179,Mixtral,18,Male,BM,1b,1,0.45,1,0.1,-999,-999,0.75,0.9,0.85,0.4,-999,-999,-999,-999,-999,-999,-999,-0.15,0.45,T3.2
180,Mixtral,18,Female,BM,2a,1,0.45,1,0.1,-999,-999,1,1,0.75,0.8,-999,-999,-999,-999,-999,-999,-999,0,-0.05,T0.05
181,Mixtral,18,Female,BM,2a,1,0.45,1,0.1,-999,-999,1,1,0.75,0.8,-999,-999,-999,-999,-999,-999,-999,0,-0.05,T0.1
182,Mixtral,18,Female,BM,2a,1,0.45,1,0.1,-999,-999,1,1,0.75,0.8,-999,-999,-999,-999,-999,-999,-999,0,-0.05,T0.2
183,Mixtral,18,Female,BM,2a,1,0.45,1,0.1,-999,-999,1,1,0.75,0.95,-999,-999,-999,-999,-999,-999,-999,0,-0.2,T0.3
184,Mixtral,18,Female,BM,2a,1,0.45,1,0.1,-999,-999,0.75,1,0.6,0.8,-999,-999,-999,-999,-999,-999,-999,-0.25,-0.2,T0.4
185,Mixtral,18,Female,BM,2a,1,0.45,1,0.1,-999,-999,1,1,0.6,0.8,-999,-999,-999,-999,-999,-999,-999,0,-0.2,T0.5
186,Mixtral,18,Female,BM,2a,0,0.4,1,0.1,-999,-999,1,1,0.5,0.7,-999,-999,-999,-999,-999,-999,-999,0,-0.2,T0.6
187,Mixtral,18,Female,BM,2a,1,0.45,1,10,-999,-999,0.9,1,0.65,0.98,-999,-999,-999,-999,-999,-999,-999,0.01,0.01,T0.7
188,Mixtral,18,Female,BM,2a,1,0.45,1,10,-999,-999,0.8,0.95,0.3,0.75,-999,-999,-999,-999,-999,-999,-999,-0.15,-0.45,T0.8
189,Mixtral,18,Female,BM,2a,1,0.45,1,0.1,-999,-999,1,1,0.6,0.8,-999,-999,-999,-999,-999,-999,-999,0,-0.2,T0.9
190,Mixtral,18,Female,BM,2a,0,50,1,10,-999,-999,1,1,0.6,0.9,-999,-999,-999,-999,-999,-999,-999,0,-0.3,T1
191,Mixtral,18,Female,BM,2a,0,0.9,1,0.1,-999,-999,1,-999,0.8,0.99,-999,-999,-999,-999,-999,-999,-999,-999,-0.982,T1.3
192,Mixtral,18,Female,BM,2a,1,0.45,0,-999,-999,-999,0.76,-999,0.9,0.4,-999,-999,-999,-999,-999,-999,-999,-999,0.5,T1.6
193,Mixtral,18,Female,BM,2a,0,50,1,0.1,-999,-999,0.84,1,0.73,0.99,-999,-999,-999,-999,-999,-999,-999,-0.16,-0.26,T2.4
194,Mixtral,18,Female,BM,2a,1,0.45,1,0.1,-999,-999,1,0.99,0.3,0.7,-999,-999,-999,-999,-999,-999,-999,0.01,-0.4,T3.2
195,Mixtral,18,Male,BM,2a,1,0.45,1,0.1,-999,-999,1,1,0.75,0.85,-999,-999,-999,-999,-999,-999,-999,0,-0.1,T0.05
196,Mixtral,18,Male,BM,2a,1,0.45,1,0.1,-999,-999,1,1,0.75,0.85,-999,-999,-999,-999,-999,-999,-999,0,-0.1,T0.1
197,Mixtral,18,Male,BM,2a,1,0.45,1,0.1,-999,-999,1,1,0.75,0.8,-999,-999,-999,-999,-999,-999,-999,0,-0.05,T0.2
198,Mixtral,18,Male,BM,2a,1,0.45,1,0.1,-999,-999,1,1,0.75,0.85,-999,-999,-999,-999,-999,-999,-999,0,-0.1,T0.3
199,Mixtral,18,Male,BM,2a,1,0.45,1,0.1,-999,-999,1,1,0.5,0.75,-999,-999,-999,-999,-999,-999,-999,0,-0.25,T0.4
200,Mixtral,18,Male,BM,2a,1,0.45,1,0.1,-999,-999,1,1,0.75,0.6,-999,-999,-999,-999,-999,-999,-999,0,0.15,T0.5
201,Mixtral,18,Male,BM,2a,1,0.45,1,0.1,-999,-999,1,1,0.6,0.8,-999,-999,-999,-999,-999,-999,-999,0,-0.2,T0.6
202,Mixtral,18,Male,BM,2a,1,0.45,1,0.1,-999,-999,0.7,0.95,0.5,0.6,-999,-999,-999,-999,-999,-999,-999,-0.25,-0.1,T0.7
203,Mixtral,18,Male,BM,2a,0,0.9,1,0.1,-999,-999,1,1,0.5,0.6,-999,-999,-999,-999,-999,-999,-999,0,-0.1,T0.8
204,Mixtral,18,Male,BM,2a,0,75,1,10,-999,-999,1,1,0.8,0.6,-999,-999,-999,-999,-999,-999,-999,0,0.2,T0.9
205,Mixtral,18,Male,BM,2a,0,50,1,10,-999,-999,1,1,0.35,0.8,-999,-999,-999,-999,-999,-999,-999,0,-0.45,T1
206,Mixtral,18,Male,BM,2a,0,70,1,0.1,-999,-999,1,1,0.9,0.85,-999,-999,-999,-999,-999,-999,-999,0,0.05,T1.3
207,Mixtral,18,Male,BM,2a,1,0.45,1,0.1,-999,-999,1,1,0.6,0.95,-999,-999,-999,-999,-999,-999,-999,0,-0.35,T1.6
208,Mixtral,18,Male,BM,2a,1,0.45,1,0.1,-999,-999,0.98,1,0.67,0.83,-999,-999,-999,-999,-999,-999,-999,-0.02,-0.16,T2.4
209,Mixtral,18,Male,BM,2a,1,0.45,1,10,-999,-999,0.8,0.85,0.7,-999,-999,-999,-999,-999,-999,-999,-999,-0.05,-999,T3.2
210,Mixtral,18,Female,PE,2b,1,0.05,1,0.9,-999,-999,1,1,0.6,0.75,-999,-999,-999,-999,-999,-999,-999,0,-0.15,T0.05
211,Mixtral,18,Female,PE,2b,1,0.05,1,0.9,-999,-999,1,1,0.6,0.75,-999,-999,-999,-999,-999,-999,-999,0,-0.15,T0.1
212,Mixtral,18,Female,PE,2b,1,0.05,1,0.9,-999,-999,1,1,0.8,0.75,-999,-999,-999,-999,-999,-999,-999,0,0.05,T0.2
213,Mixtral,18,Female,PE,2b,1,0.05,1,0.9,-999,-999,1,1,0.95,0.95,-999,-999,-999,-999,-999,-999,-999,0,0,T0.3
214,Mixtral,18,Female,PE,2b,1,0.05,1,0.9,-999,-999,1,1,0.8,0.75,-999,-999,-999,-999,-999,-999,-999,0,0.05,T0.4
215,Mixtral,18,Female,PE,2b,1,0.05,1,0.9,-999,-999,0.75,1,0.35,0.5,-999,-999,-999,-999,-999,-999,-999,-0.25,-0.15,T0.5
216,Mixtral,18,Female,PE,2b,1,0.05,1,0.9,-999,-999,0.95,0.95,0.65,0.75,-999,-999,-999,-999,-999,-999,-999,0,-0.1,T0.6
217,Mixtral,18,Female,PE,2b,1,0.05,1,0.9,-999,-999,1,1,0.2,1,-999,-999,-999,-999,-999,-999,-999,-0.0085,-0.8,T0.7
218,Mixtral,18,Female,PE,2b,1,0.05,1,0.9,-999,-999,1,1,0.9,0.9,-999,-999,-999,-999,-999,-999,-999,0,0,T0.8
219,Mixtral,18,Female,PE,2b,1,5,1,0.9,-999,-999,0.9,0.95,0.55,0.75,-999,-999,-999,-999,-999,-999,-999,-0.05,-0.2,T0.9
220,Mixtral,18,Female,PE,2b,1,0.05,1,0.9,-999,-999,1,1,0.85,0.75,-999,-999,-999,-999,-999,-999,-999,0,0.1,T1
221,Mixtral,18,Female,PE,2b,1,0.05,1,0.9,-999,-999,0.5,1,0.35,0.75,-999,-999,-999,-999,-999,-999,-999,-0.5,-0.4,T1.3
222,Mixtral,18,Female,PE,2b,1,0.05,1,0.9,-999,-999,0.65,1,0.4,0.8,-999,-999,-999,-999,-999,-999,-999,-0.35,-0.4,T1.6
223,Mixtral,18,Female,PE,2b,1,5,1,90,-999,-999,0.8,1,0.4,0.7,-999,-999,-999,-999,-999,-999,-999,-0.95,-0.3,T2.4
224,Mixtral,18,Female,PE,2b,0,-999,1,0.9,-999,-999,0.5,0.75,0.3,0.65,-999,-999,-999,-999,-999,-999,-999,-0.25,-0.35,T3.2
225,Mixtral,18,Male,PE,2b,1,0.05,1,0.9,-999,-999,1,1,0.8,0.75,-999,-999,-999,-999,-999,-999,-999,0,0.05,T0.05
226,Mixtral,18,Male,PE,2b,1,0.05,1,0.9,-999,-999,1,1,0.8,0.75,-999,-999,-999,-999,-999,-999,-999,0,0.05,T0.1
227,Mixtral,18,Male,PE,2b,1,0.05,1,0.9,-999,-999,1,1,0.85,0.75,-999,-999,-999,-999,-999,-999,-999,0,0.1,T0.2
228,Mixtral,18,Male,PE,2b,1,0.05,1,0.9,-999,-999,1,1,0.7,0.9,-999,-999,-999,-999,-999,-999,-999,0,-0.2,T0.3
229,Mixtral,18,Male,PE,2b,1,0.05,1,0.9,-999,-999,1,1,0.8,0.5,-999,-999,-999,-999,-999,-999,-999,0,0.3,T0.4
230,Mixtral,18,Male,PE,2b,1,0.05,1,0.9,-999,-999,1,1,0.3,0.5,-999,-999,-999,-999,-999,-999,-999,0,-0.2,T0.5
231,Mixtral,18,Male,PE,2b,1,0.05,1,0.9,-999,-999,0.6,1,0.3,0.5,-999,-999,-999,-999,-999,-999,-999,-0.4,-0.2,T0.6
232,Mixtral,18,Male,PE,2b,1,0.05,1,0.9,-999,-999,1,1,0.8,0.9,-999,-999,-999,-999,-999,-999,-999,0,-0.1,T0.7
233,Mixtral,18,Male,PE,2b,1,5,1,90,-999,-999,0.7,1,0.45,0.85,-999,-999,-999,-999,-999,-999,-999,-0.3,-0.4,T0.8
234,Mixtral,18,Male,PE,2b,1,0.05,1,0.9,-999,-999,1,1,0.85,0.75,-999,-999,-999,-999,-999,-999,-999,0,0.1,T0.9
235,Mixtral,18,Male,PE,2b,1,0.05,1,0.9,-999,-999,0.7,0.95,0.3,0.7,-999,-999,-999,-999,-999,-999,-999,-0.25,-0.4,T1
236,Mixtral,18,Male,PE,2b,0,0.1,1,90,-999,-999,0.6,1,0.75,0.95,-999,-999,-999,-999,-999,-999,-999,-0.4,-0.2,T1.3
237,Mixtral,18,Male,PE,2b,1,0.05,1,0.9,-999,-999,1,1,0.65,0.95,-999,-999,-999,-999,-999,-999,-999,0,-0.3,T1.6
238,Mixtral,18,Male,PE,2b,0,0.5,1,0.9,-999,-999,1,1,0.67,-999,-999,-999,-999,-999,-999,-999,-999,0,-999,T2.4
239,Mixtral,18,Male,PE,2b,1,0.05,1,0.9,-999,-999,0.95,1,0.45,0.5,-999,-999,-999,-999,-999,-999,-999,-0.05,-0.05,T3.2
240,Mixtral,18,Female,PE,1a,1,0.05,1,0.9,-999,-999,0.9,1,0.7,0.8,-999,-999,-999,-999,-999,-999,-999,-0.1,-0.1,T0.05
241,Mixtral,18,Female,PE,1a,1,0.05,1,0.9,-999,-999,0.9,1,0.7,0.85,-999,-999,-999,-999,-999,-999,-999,-0.1,-0.15,T0.1
242,Mixtral,18,Female,PE,1a,1,0.05,1,0.9,-999,-999,0.9,1,0.6,0.8,-999,-999,-999,-999,-999,-999,-999,-0.1,-0.2,T0.2
243,Mixtral,18,Female,PE,1a,1,0.05,1,0.9,-999,-999,0.9,0.9,0.6,0.8,-999,-999,-999,-999,-999,-999,-999,0,-0.2,T0.3
244,Mixtral,18,Female,PE,1a,1,0.05,1,0.9,-999,-999,0.9,0.95,0.7,0.8,-999,-999,-999,-999,-999,-999,-999,-0.05,-0.1,T0.4
245,Mixtral,18,Female,PE,1a,0,0.1,1,0.9,-999,-999,0.95,1,0.75,0.8,-999,-999,-999,-999,-999,-999,-999,-0.05,-0.05,T0.5
246,Mixtral,18,Female,PE,1a,1,0.05,1,0.9,-999,-999,0.9,1,0.2,0.6,-999,-999,-999,-999,-999,-999,-999,-0.1,-0.4,T0.6
247,Mixtral,18,Female,PE,1a,1,5,1,90,-999,-999,1,1,0.5,0.75,-999,-999,-999,-999,-999,-999,-999,0,-0.25,T0.7
248,Mixtral,18,Female,PE,1a,0,0.5,1,0.9,-999,-999,0.9,0.95,0.5,0.75,-999,-999,-999,-999,-999,-999,-999,-0.05,-0.25,T0.8
249,Mixtral,18,Female,PE,1a,1,0.05,1,0.9,-999,-999,0.99,0.95,0.4,0.7,-999,-999,-999,-999,-999,-999,-999,0.04,-0.3,T0.9
250,Mixtral,18,Female,PE,1a,0,0.1,1,0.9,-999,-999,0.75,0.85,0.6,0.9,-999,-999,-999,-999,-999,-999,-999,-0.1,-0.3,T1
251,Mixtral,18,Female,PE,1a,0,0.1,1,0.9,-999,-999,0.95,0.95,0.2,0.8,-999,-999,-999,-999,-999,-999,-999,0,-0.6,T1.3
252,Mixtral,18,Female,PE,1a,1,5,1,90,-999,-999,0.63,0.75,0.25,0.4,-999,-999,-999,-999,-999,-999,-999,-0.12,-0.15,T1.6
253,Mixtral,18,Female,PE,1a,0,0.9,1,90,-999,-999,1,0.9,0.8,0.5,-999,-999,-999,-999,-999,-999,-999,0.1,0.3,T2.4
254,Mixtral,18,Female,PE,1a,0,0.1,1,0.9,-999,-999,0.99,0.99,0.51,0.55,-999,-999,-999,-999,-999,-999,-999,0,-0.04,T3.2
255,Mixtral,18,Male,PE,1a,1,0.05,1,0.9,-999,-999,0.9,1,0.7,0.8,-999,-999,-999,-999,-999,-999,-999,-0.1,-0.1,T0.05
256,Mixtral,18,Male,PE,1a,1,0.05,1,0.9,-999,-999,0.9,1,0.7,0.8,-999,-999,-999,-999,-999,-999,-999,-0.1,-0.1,T0.1
257,Mixtral,18,Male,PE,1a,0,0.1,1,90,-999,-999,0.95,0.9,0.75,0.6,-999,-999,-999,-999,-999,-999,-999,0.05,0.15,T0.2
258,Mixtral,18,Male,PE,1a,0,0.1,1,0.9,-999,-999,1,1,0.5,0.75,-999,-999,-999,-999,-999,-999,-999,0,-0.25,T0.3
259,Mixtral,18,Male,PE,1a,1,0.05,1,0.9,-999,-999,1,1,0.75,0.8,-999,-999,-999,-999,-999,-999,-999,0,-0.05,T0.4
260,Mixtral,18,Male,PE,1a,1,5,1,90,-999,-999,0.99,0.99,0.6,0.7,-999,-999,-999,-999,-999,-999,-999,0,-0.1,T0.5
261,Mixtral,18,Male,PE,1a,1,0.05,1,0.9,-999,-999,0.95,0.95,0.7,0.85,-999,-999,-999,-999,-999,-999,-999,0,-0.15,T0.6
262,Mixtral,18,Male,PE,1a,1,0.05,1,0.9,-999,-999,0.67,0.98,0.25,0.8,-999,-999,-999,-999,-999,-999,-999,-0.31,-0.55,T0.7
263,Mixtral,18,Male,PE,1a,1,0.05,1,0.9,-999,-999,0.9,0.7,0.9,0.6,-999,-999,-999,-999,-999,-999,-999,0.2,0.3,T0.8
264,Mixtral,18,Male,PE,1a,1,0.05,1,0.9,-999,-999,0.95,0.99,0.75,0.9,-999,-999,-999,-999,-999,-999,-999,-0.04,-0.15,T0.9
265,Mixtral,18,Male,PE,1a,1,0.05,1,0.9,-999,-999,1,1,0.95,1,-999,-999,-999,-999,-999,-999,-999,0,-0.05,T1
266,Mixtral,18,Male,PE,1a,1,5,1,90,-999,-999,0.9,0.85,0.9,0.9,-999,-999,-999,-999,-999,-999,-999,0.05,0,T1.3
267,Mixtral,18,Male,PE,1a,0,0.95,1,0.9,-999,-999,1,0.98,0.35,0.95,-999,-999,-999,-999,-999,-999,-999,0.02,-0.6,T1.6
268,Mixtral,18,Male,PE,1a,0,0.95,1,0.9,-999,-999,1,0.9,0.7,0.4,-999,-999,-999,-999,-999,-999,-999,0.1,0.3,T2.4
269,Mixtral,18,Male,PE,1a,0,0.1,1,90,-999,-999,1,1,0.9,0.9,-999,-999,-999,-999,-999,-999,-999,0,-1,T3.2
270,Mixtral,18,Female,BM,1b,1,0.45,1,0.1,-999,-999,1,1,0.8,0.95,-999,-999,-999,-999,-999,-999,-999,0,-0.15,T0.05
271,Mixtral,18,Female,BM,1b,1,0.45,1,0.1,-999,-999,1,1,0.8,0.95,-999,-999,-999,-999,-999,-999,-999,0,-0.15,T0.1
272,Mixtral,18,Female,BM,1b,1,0.45,1,0.1,-999,-999,1,1,0.85,0.95,-999,-999,-999,-999,-999,-999,-999,0,-0.1,T0.2
273,Mixtral,18,Female,BM,1b,1,0.45,1,0.1,-999,-999,1,1,0.8,0.95,-999,-999,-999,-999,-999,-999,-999,0,-0.15,T0.3
274,Mixtral,18,Female,BM,1b,1,0.45,1,0.1,-999,-999,1,1,0.8,0.95,-999,-999,-999,-999,-999,-999,-999,0,-0.15,T0.4
275,Mixtral,18,Female,BM,1b,1,0.45,1,0.1,-999,-999,0.95,0.95,0.65,0.7,-999,-999,-999,-999,-999,-999,-999,0,-0.05,T0.5
276,Mixtral,18,Female,BM,1b,0,2.9,1,10,-999,-999,0.85,0.95,0.6,0.7,-999,-999,-999,-999,-999,-999,-999,-0.1,-0.1,T0.6
277,Mixtral,18,Female,BM,1b,0,1,1,10,-999,-999,0.85,0.5,0.6,0.3,-999,-999,-999,-999,-999,-999,-999,0.35,0.3,T0.7
278,Mixtral,18,Female,BM,1b,1,0.45,1,0.1,-999,-999,1,1,0.98,0.99,-999,-999,-999,-999,-999,-999,-999,0,-0.01,T0.8
279,Mixtral,18,Female,BM,1b,1,0.45,1,0.1,-999,-999,1,1,0.85,0.9,-999,-999,-999,-999,-999,-999,-999,0,-0.05,T0.9
280,Mixtral,18,Female,BM,1b,0,50,1,10,-999,-999,0.85,0.9,0.8,0.67,-999,-999,-999,-999,-999,-999,-999,-0.05,0.13,T1
281,Mixtral,18,Female,BM,1b,1,0.45,1,0.1,-999,-999,0.98,0.95,0.6,0.75,-999,-999,-999,-999,-999,-999,-999,0.03,-0.15,T1.3
282,Mixtral,18,Female,BM,1b,1,0.45,1,0.1,-999,-999,0.95,0.95,0.67,0.99,-999,-999,-999,-999,-999,-999,-999,0,-0.32,T1.6
283,Mixtral,18,Female,BM,1b,0,1,1,0.1,-999,-999,1,1,0.85,0.95,-999,-999,-999,-999,-999,-999,-999,0,-0.1,T2.4
284,Mixtral,18,Female,BM,1b,1,0.45,1,0.1,-999,-999,-999,-999,0.75,-999,-999,-999,-999,-999,-999,-999,-999,-999,-999,T3.2
285,Mixtral,18,Male,BM,1b,0,90,1,10,-999,-999,0.9,0.95,0.6,0.75,-999,-999,-999,-999,-999,-999,-999,-0.05,-0.15,T0.05
286,Mixtral,18,Male,BM,1b,0,90,1,10,-999,-999,0.95,0.95,0.6,0.75,-999,-999,-999,-999,-999,-999,-999,0,-0.15,T0.1
287,Mixtral,18,Male,BM,1b,1,0.45,1,0.1,-999,-999,1,1,0.75,0.95,-999,-999,-999,-999,-999,-999,-999,0,-0.2,T0.2
288,Mixtral,18,Male,BM,1b,0,90,1,10,-999,-999,0.9,0.95,0.6,0.75,-999,-999,-999,-999,-999,-999,-999,-0.05,-0.15,T0.3
289,Mixtral,18,Male,BM,1b,1,0.45,1,0.1,-999,-999,1,1,0.8,0.9,-999,-999,-999,-999,-999,-999,-999,0,-0.1,T0.4
290,Mixtral,18,Male,BM,1b,1,45,1,10,-999,-999,0.95,0.95,0.85,0.9,-999,-999,-999,-999,-999,-999,-999,0,-0.05,T0.5
291,Mixtral,18,Male,BM,1b,0,90,1,10,-999,-999,0.8,0.95,0.65,0.7,-999,-999,-999,-999,-999,-999,-999,-0.15,-0.05,T0.6
292,Mixtral,18,Male,BM,1b,0,90,1,10,-999,-999,0.99,1,0.85,0.95,-999,-999,-999,-999,-999,-999,-999,-0.01,-0.1,T0.7
293,Mixtral,18,Male,BM,1b,1,0.45,1,0.1,-999,-999,1,1,0.6,0.95,-999,-999,-999,-999,-999,-999,-999,0,-0.35,T0.8
294,Mixtral,18,Male,BM,1b,1,0.45,1,0.1,-999,-999,0.9,0.95,0.35,0.8,-999,-999,-999,-999,-999,-999,-999,-0.05,-0.45,T0.9
295,Mixtral,18,Male,BM,1b,1,0.45,1,0.1,-999,-999,0.8,0.95,0.6,0.75,-999,-999,-999,-999,-999,-999,-999,-0.15,-0.15,T1
296,Mixtral,18,Male,BM,1b,1,0.45,1,0.1,-999,-999,0.95,0.95,0.6,0.7,-999,-999,-999,-999,-999,-999,-999,0,-0.1,T1.3
297,Mixtral,18,Male,BM,1b,1,0.45,1,0.1,-999,-999,0.85,1,-999,0.75,-999,-999,-999,-999,-999,-999,-999,-0.15,-999,T1.6
298,Mixtral,18,Male,BM,1b,1,0.45,1,0.1,-999,-999,0.85,0.95,0.65,0.75,-999,-999,-999,-999,-999,-999,-999,-0.1,-0.1,T2.4
299,Mixtral,18,Male,BM,1b,0,35,1,0.1,-999,-999,0.87,0.95,0.62,0.67,-999,-999,-999,-999,-999,-999,-999,-0.08,-0.05,T3.2
300,Mixtral,18,Female,BM,2a,1,0.45,1,0.1,-999,-999,1,1,0.75,0.8,-999,-999,-999,-999,-999,-999,-999,0,-0.05,T0.05
301,Mixtral,18,Female,BM,2a,1,0.45,1,0.1,-999,-999,1,1,0.75,0.85,-999,-999,-999,-999,-999,-999,-999,0,-0.1,T0.1
302,Mixtral,18,Female,BM,2a,1,0.45,1,0.1,-999,-999,1,1,0.75,0.8,-999,-999,-999,-999,-999,-999,-999,0,-0.05,T0.2
303,Mixtral,18,Female,BM,2a,1,0.45,1,0.1,-999,-999,1,1,0.75,0.85,-999,-999,-999,-999,-999,-999,-999,0,-0.1,T0.3
304,Mixtral,18,Female,BM,2a,1,0.45,1,0.1,-999,-999,1,1,0.75,0.85,-999,-999,-999,-999,-999,-999,-999,0,-0.1,T0.4
305,Mixtral,18,Female,BM,2a,1,0.45,1,0.1,-999,-999,0.75,0.9,0.3,0.8,-999,-999,-999,-999,-999,-999,-999,-0.15,-0.5,T0.5
306,Mixtral,18,Female,BM,2a,1,0.45,1,0.1,-999,-999,1,1,0.7,0.95,-999,-999,-999,-999,-999,-999,-999,0,-0.25,T0.6
307,Mixtral,18,Female,BM,2a,0,50,1,10,-999,-999,1,1,0.3,0.6,-999,-999,-999,-999,-999,-999,-999,0,-0.3,T0.7
308,Mixtral,18,Female,BM,2a,1,0.45,1,0.1,-999,-999,1,1,0.75,0.6,-999,-999,-999,-999,-999,-999,-999,0,0.15,T0.8
309,Mixtral,18,Female,BM,2a,1,0.45,1,0.1,-999,-999,0.8,1,0.4,0.9,-999,-999,-999,-999,-999,-999,-999,-0.2,-0.5,T0.9
310,Mixtral,18,Female,BM,2a,1,0.45,1,0.1,-999,-999,0.75,1,0.6,0.85,-999,-999,-999,-999,-999,-999,-999,-0.25,-0.25,T1
311,Mixtral,18,Female,BM,2a,0,0.9,1,10,-999,-999,0.95,0.85,0.65,0.65,-999,-999,-999,-999,-999,-999,-999,0.1,1.35,T1.3
312,Mixtral,18,Female,BM,2a,1,0.45,0,1,-999,-999,0.75,1,0.3,0.6,-999,-999,-999,-999,-999,-999,-999,-0.25,-0.3,T1.6
313,Mixtral,18,Female,BM,2a,1,0.45,1,0.1,-999,-999,0.75,0.95,0.6,0.85,-999,-999,-999,-999,-999,-999,-999,-0.2,-0.25,T2.4
314,Mixtral,18,Female,BM,2a,0,0.9,1,10,-999,-999,1,1,1,0.65,-999,-999,-999,-999,-999,-999,-999,0,0.35,T3.2
315,Mixtral,18,Male,BM,2a,1,0.45,1,0.1,-999,-999,1,1,0.75,0.85,-999,-999,-999,-999,-999,-999,-999,0,-0.1,T0.05
316,Mixtral,18,Male,BM,2a,1,0.45,1,0.1,-999,-999,1,1,0.75,0.8,-999,-999,-999,-999,-999,-999,-999,0,-0.05,T0.1
317,Mixtral,18,Male,BM,2a,1,0.45,1,0.1,-999,-999,1,1,0.75,0.85,-999,-999,-999,-999,-999,-999,-999,0,-0.1,T0.2
318,Mixtral,18,Male,BM,2a,1,0.45,1,0.1,-999,-999,1,1,0.6,0.8,-999,-999,-999,-999,-999,-999,-999,0,-0.2,T0.3
319,Mixtral,18,Male,BM,2a,1,0.45,1,0.1,-999,-999,1,1,0.75,0.95,-999,-999,-999,-999,-999,-999,-999,0,-0.2,T0.4
320,Mixtral,18,Male,BM,2a,1,0.45,1,0.1,-999,-999,0.75,0.99,0.5,0.8,-999,-999,-999,-999,-999,-999,-999,-0.24,-0.3,T0.5
321,Mixtral,18,Male,BM,2a,1,0.45,1,0.1,-999,-999,0.65,0.99,0.3,0.7,-999,-999,-999,-999,-999,-999,-999,-0.34,-0.4,T0.6
322,Mixtral,18,Male,BM,2a,0,0.9,1,0.1,-999,-999,1,1,0.5,0.8,-999,-999,-999,-999,-999,-999,-999,0,-0.3,T0.7
323,Mixtral,18,Male,BM,2a,0,0.7,1,0.1,-999,-999,1,1,0.5,0.5,-999,-999,-999,-999,-999,-999,-999,0,0,T0.8
324,Mixtral,18,Male,BM,2a,1,0.45,1,0.1,-999,-999,1,1,0.6,0.95,-999,-999,-999,-999,-999,-999,-999,0,-0.35,T0.9
325,Mixtral,18,Male,BM,2a,0,2,1,0.1,-999,-999,-999,0.925,0.775,-999,-999,-999,-999,-999,-999,-999,-999,0.909,-999,T1
326,Mixtral,18,Male,BM,2a,0,65,1,10,-999,-999,0.75,0.5,0.33,0.28,-999,-999,-999,-999,-999,-999,-999,0.25,0.05,T1.3
327,Mixtral,18,Male,BM,2a,1,0.45,1,0.1,-999,-999,0.9,0.98,0.8,0.96,-999,-999,-999,-999,-999,-999,-999,-0.08,-0.16,T1.6
328,Mixtral,18,Male,BM,2a,1,0.45,1,0.1,-999,-999,1,0.9,0.33,0.88,-999,-999,-999,-999,-999,-999,-999,0.1,-0.55,T2.4
329,Mixtral,18,Male,BM,2a,1,0.45,0,0.05,-999,-999,0.225,0.375,0.45,0.65,-999,-999,-999,-999,-999,-999,-999,0.2,-0.2,T3.2
330,Mixtral,18,Female,PE,2b,1,0.05,1,0.9,-999,-999,1,1,0.6,0.75,-999,-999,-999,-999,-999,-999,-999,0,-0.15,T0.05
331,Mixtral,18,Female,PE,2b,1,0.05,1,0.9,-999,-999,1,1,0.8,0.75,-999,-999,-999,-999,-999,-999,-999,0,0.05,T0.1
332,Mixtral,18,Female,PE,2b,1,0.05,1,0.9,-999,-999,1,1,0.6,0.75,-999,-999,-999,-999,-999,-999,-999,0,-0.15,T0.2
333,Mixtral,18,Female,PE,2b,1,0.05,1,0.9,-999,-999,1,1,0.75,0.95,-999,-999,-999,-999,-999,-999,-999,0,-0.2,T0.3
334,Mixtral,18,Female,PE,2b,1,0.05,1,0.9,-999,-999,1,1,0.3,0.5,-999,-999,-999,-999,-999,-999,-999,0,-0.2,T0.4
335,Mixtral,18,Female,PE,2b,1,0.05,1,0.9,-999,-999,1,1,0.7,0.5,-999,-999,-999,-999,-999,-999,-999,0,0.2,T0.5
336,Mixtral,18,Female,PE,2b,1,0.05,1,0.9,-999,-999,1,1,1,1,-999,-999,-999,-999,-999,-999,-999,0,0,T0.6
337,Mixtral,18,Female,PE,2b,1,0.05,1,0.9,-999,-999,1,1,0.5,0.5,-999,-999,-999,-999,-999,-999,-999,0,0,T0.7
338,Mixtral,18,Female,PE,2b,1,0.05,1,0.9,-999,-999,1,1,0.6,0.75,-999,-999,-999,-999,-999,-999,-999,0,-0.15,T0.8
339,Mixtral,18,Female,PE,2b,1,0.05,1,0.9,-999,-999,0.9,1,0.2,0.5,-999,-999,-999,-999,-999,-999,-999,-0.1,-0.3,T0.9
340,Mixtral,18,Female,PE,2b,0,10,1,0.9,-999,-999,0.98,0.85,0.625,0.75,-999,-999,-999,-999,-999,-999,-999,0.13,-1.4,T1
341,Mixtral,18,Female,PE,2b,1,0.05,1,0.9,-999,-999,0.85,0.75,0.95,0.75,-999,-999,-999,-999,-999,-999,-999,0.1,0.2,T1.3
342,Mixtral,18,Female,PE,2b,1,5,1,0.9,-999,-999,0.7,1,0.65,0.85,-999,-999,-999,-999,-999,-999,-999,-0.3,-0.2,T1.6
343,Mixtral,18,Female,PE,2b,1,0.05,1,0.9,-999,-999,1,1,0.98,0.75,-999,-999,-999,-999,-999,-999,-999,0,0.23,T2.4
344,Mixtral,18,Female,PE,2b,0,1,1,90,-999,-999,0.75,1,-999,0.33,-999,-999,-999,-999,-999,-999,-999,-0.25,-999,T3.2
345,Mixtral,18,Male,PE,2b,1,0.05,1,0.9,-999,-999,1,1,0.8,0.75,-999,-999,-999,-999,-999,-999,-999,0,0.05,T0.05
346,Mixtral,18,Male,PE,2b,1,0.05,1,0.9,-999,-999,1,1,0.8,0.75,-999,-999,-999,-999,-999,-999,-999,0,0.05,T0.1
347,Mixtral,18,Male,PE,2b,1,0.05,1,0.9,-999,-999,1,1,0.6,0.75,-999,-999,-999,-999,-999,-999,-999,0,-0.15,T0.2
348,Mixtral,18,Male,PE,2b,1,0.05,1,0.9,-999,-999,1,1,0.5,0.75,-999,-999,-999,-999,-999,-999,-999,0,-0.25,T0.3
349,Mixtral,18,Male,PE,2b,1,0.05,1,0.9,-999,-999,1,1,0.75,0.5,-999,-999,-999,-999,-999,-999,-999,0,0.25,T0.4
350,Mixtral,18,Male,PE,2b,1,0.05,1,0.9,-999,-999,1,1,0.75,0.5,-999,-999,-999,-999,-999,-999,-999,0,0.25,T0.5
351,Mixtral,18,Male,PE,2b,1,0.05,1,0.9,-999,-999,0.75,1,0.3,0.5,-999,-999,-999,-999,-999,-999,-999,-0.25,-0.2,T0.6
352,Mixtral,18,Male,PE,2b,1,0.05,1,0.9,-999,-999,0.95,0.95,0.4,0.6,-999,-999,-999,-999,-999,-999,-999,0,-0.2,T0.7
353,Mixtral,18,Male,PE,2b,1,0.05,1,0.9,-999,-999,1,1,0.75,0.95,-999,-999,-999,-999,-999,-999,-999,0,-0.2,T0.8
354,Mixtral,18,Male,PE,2b,1,0.05,1,0.9,-999,-999,0.99,0.95,0.6,0.75,-999,-999,-999,-999,-999,-999,-999,0.04,-0.15,T0.9
355,Mixtral,18,Male,PE,2b,0,0.1,1,0.9,-999,-999,0.5,1,0.75,0.5,-999,-999,-999,-999,-999,-999,-999,-0.5,0.25,T1
356,Mixtral,18,Male,PE,2b,0,1,1,0.9,-999,-999,-999,0.9,0.2,0.5,-999,-999,-999,-999,-999,-999,-999,-999,-0.45,T1.3
357,Mixtral,18,Male,PE,2b,1,0.05,1,0.9,-999,-999,0.95,1,0.35,0.5,-999,-999,-999,-999,-999,-999,-999,0.941,-0.15,T1.6
358,Mixtral,18,Male,PE,2b,1,0.05,1,0.9,-999,-999,-999,-999,0.85,0.9,-999,-999,-999,-999,-999,-999,-999,-999,-0.05,T2.4
359,Mixtral,18,Male,PE,2b,0,0.1,1,90,-999,-999,0.3,1,0.1,0.7,-999,-999,-999,-999,-999,-999,-999,-0.7,-0.6,T3.2
360,Mixtral,18,Female,PE,1a,1,0.05,1,0.9,-999,-999,0.9,1,0.6,0.8,-999,-999,-999,-999,-999,-999,-999,-0.1,-0.2,T0.05
361,Mixtral,18,Female,PE,1a,1,0.05,1,0.9,-999,-999,0.9,1,0.7,0.8,-999,-999,-999,-999,-999,-999,-999,-0.1,-0.1,T0.1
362,Mixtral,18,Female,PE,1a,1,0.05,1,0.9,-999,-999,0.9,1,0.6,0.8,-999,-999,-999,-999,-999,-999,-999,-0.1,-0.2,T0.2
363,Mixtral,18,Female,PE,1a,1,0.05,1,0.9,-999,-999,0.9,1,0.75,0.8,-999,-999,-999,-999,-999,-999,-999,-0.1,-0.05,T0.3
364,Mixtral,18,Female,PE,1a,1,0.05,1,0.9,-999,-999,0.95,0.95,0.6,0.8,-999,-999,-999,-999,-999,-999,-999,0,-0.2,T0.4
365,Mixtral,18,Female,PE,1a,0,0.1,1,90,-999,-999,1,1,0.75,0.85,-999,-999,-999,-999,-999,-999,-999,0,-0.1,T0.5
366,Mixtral,18,Female,PE,1a,1,0.05,1,0.9,-999,-999,0.9,1,0.3,0.7,-999,-999,-999,-999,-999,-999,-999,-0.1,-0.4,T0.6
367,Mixtral,18,Female,PE,1a,0,10,0,90,-999,-999,0.9,1,0.6,0.85,-999,-999,-999,-999,-999,-999,-999,-0.1,-0.25,T0.7
368,Mixtral,18,Female,PE,1a,1,0.05,1,90,-999,-999,0.9,0.95,0.2,0.7,-999,-999,-999,-999,-999,-999,-999,-0.05,-0.5,T0.8
369,Mixtral,18,Female,PE,1a,1,0.05,1,0.9,-999,-999,1,1,0.7,0.8,-999,-999,-999,-999,-999,-999,-999,0,-0.1,T0.9
370,Mixtral,18,Female,PE,1a,0,0.9,1,0.9,-999,-999,0.75,1,0.2,0.5,-999,-999,-999,-999,-999,-999,-999,-0.25,-0.3,T1
371,Mixtral,18,Female,PE,1a,1,0.05,1,0.9,-999,-999,0.4,0.75,0.2,0.45,-999,-999,-999,-999,-999,-999,-999,-0.35,-0.25,T1.3
372,Mixtral,18,Female,PE,1a,1,0.05,1,0.9,-999,-999,1,0.85,0.7,0.525,-999,-999,-999,-999,-999,-999,-999,0.15,1.3,T1.6
373,Mixtral,18,Female,PE,1a,1,0.05,1,0.9,-999,-999,0.6,0.85,0.9,0.85,-999,-999,-999,-999,-999,-999,-999,-0.25,0.05,T2.4
374,Mixtral,18,Female,PE,1a,0,0.1,0,-999,-999,-999,1,0.3,0.98,0.4,-999,-999,-999,-999,-999,-999,-999,0.7,0.58,T3.2
375,Mixtral,18,Male,PE,1a,1,0.05,1,0.9,-999,-999,0.9,1,0.7,0.8,-999,-999,-999,-999,-999,-999,-999,-0.1,-0.1,T0.05
376,Mixtral,18,Male,PE,1a,1,0.05,1,0.9,-999,-999,0.9,1,0.6,0.8,-999,-999,-999,-999,-999,-999,-999,-0.1,-0.2,T0.1
377,Mixtral,18,Male,PE,1a,1,0.05,1,0.9,-999,-999,0.9,1,0.7,0.8,-999,-999,-999,-999,-999,-999,-999,-0.1,-0.1,T0.2
378,Mixtral,18,Male,PE,1a,1,0.05,1,0.9,-999,-999,0.9,1,0.75,0.85,-999,-999,-999,-999,-999,-999,-999,-0.1,-0.1,T0.3
379,Mixtral,18,Male,PE,1a,1,5,1,90,-999,-999,0.9,0.95,0.6,0.75,-999,-999,-999,-999,-999,-999,-999,-0.05,-0.15,T0.4
380,Mixtral,18,Male,PE,1a,1,0.05,1,0.9,-999,-999,0.95,1,0.7,0.85,-999,-999,-999,-999,-999,-999,-999,-0.05,-0.15,T0.5
381,Mixtral,18,Male,PE,1a,1,0.05,1,0.9,-999,-999,0.99,0.99,0.7,0.85,-999,-999,-999,-999,-999,-999,-999,0,-0.15,T0.6
382,Mixtral,18,Male,PE,1a,0,0.1,1,90,-999,-999,0.95,0.94,0.67,0.83,-999,-999,-999,-999,-999,-999,-999,0.01,-0.16,T0.7
383,Mixtral,18,Male,PE,1a,1,5,1,90,-999,-999,1,1,0.9,0.7,-999,-999,-999,-999,-999,-999,-999,0,0.2,T0.8
384,Mixtral,18,Male,PE,1a,1,0.05,1,0.9,-999,-999,1,1,0.9,0.99,-999,-999,-999,-999,-999,-999,-999,0,-0.09,T0.9
385,Mixtral,18,Male,PE,1a,1,0.05,1,0.9,-999,-999,0.9,0.85,0.75,0.6,-999,-999,-999,-999,-999,-999,-999,0.05,0.15,T1
386,Mixtral,18,Male,PE,1a,1,5,1,90,-999,-999,1,0.9,0.3,0.8,-999,-999,-999,-999,-999,-999,-999,0.1,-0.5,T1.3
387,Mixtral,18,Male,PE,1a,0,1.1,1,90,-999,-999,1,1,0.85,0.6,-999,-999,-999,-999,-999,-999,-999,0,0.25,T1.6
388,Mixtral,18,Male,PE,1a,0,0.95,1,0.9,-999,-999,0.5,0.85,0.75,0.67,-999,-999,-999,-999,-999,-999,-999,-0.35,0.08,T2.4
389,Mixtral,18,Male,PE,1a,1,0.05,1,90,-999,-999,0.01,0.95,0.75,0.95,-999,-999,-999,-999,-999,-999,-999,-0.0149,-0.9395,T3.2
390,Mixtral,18,Female,BM,1b,1,0.45,1,0.1,-999,-999,1,1,0.85,0.95,-999,-999,-999,-999,-999,-999,-999,0,-0.1,T0.05
391,Mixtral,18,Female,BM,1b,1,0.45,1,0.1,-999,-999,1,1,0.8,0.95,-999,-999,-999,-999,-999,-999,-999,0,-0.15,T0.1
392,Mixtral,18,Female,BM,1b,1,0.45,1,0.1,-999,-999,1,1,0.8,0.95,-999,-999,-999,-999,-999,-999,-999,0,-0.15,T0.2
393,Mixtral,18,Female,BM,1b,1,0.45,1,0.1,-999,-999,1,1,0.6,0.95,-999,-999,-999,-999,-999,-999,-999,0,-0.35,T0.3
394,Mixtral,18,Female,BM,1b,1,0.45,1,0.1,-999,-999,0.9,0.95,0.6,0.75,-999,-999,-999,-999,-999,-999,-999,-0.05,-0.15,T0.4
395,Mixtral,18,Female,BM,1b,0,90,1,10,-999,-999,0.95,0.95,0.8,0.9,-999,-999,-999,-999,-999,-999,-999,0,-0.1,T0.5
396,Mixtral,18,Female,BM,1b,1,45,1,10,-999,-999,0.6,0.95,0.8,0.95,-999,-999,-999,-999,-999,-999,-999,-0.35,-0.15,T0.6
397,Mixtral,18,Female,BM,1b,0,-999,1,10,-999,-999,1,1,0.8,0.95,-999,-999,-999,-999,-999,-999,-999,0,-0.15,T0.7
398,Mixtral,18,Female,BM,1b,0,1.45,1,10,-999,-999,0.8,0.95,0.6,0.75,-999,-999,-999,-999,-999,-999,-999,-0.15,-0.15,T0.8
399,Mixtral,18,Female,BM,1b,1,0.45,1,0.1,-999,-999,0.8,1,0.6,0.95,-999,-999,-999,-999,-999,-999,-999,-0.2,-0.35,T0.9
400,Mixtral,18,Female,BM,1b,1,0.45,1,0.1,-999,-999,1,1,0.85,0.9,-999,-999,-999,-999,-999,-999,-999,0,-0.05,T1
401,Mixtral,18,Female,BM,1b,1,0.45,1,0.1,-999,-999,1,1,0.8,0.95,-999,-999,-999,-999,-999,-999,-999,0,-0.15,T1.3
402,Mixtral,18,Female,BM,1b,1,0.45,1,0.1,-999,-999,1,1,0.6,0.85,-999,-999,-999,-999,-999,-999,-999,0,-0.25,T1.6
403,Mixtral,18,Female,BM,1b,0,2,1,0.1,-999,-999,0.95,0.99,0.25,0.5,-999,-999,-999,-999,-999,-999,-999,0.939,-0.48,T2.4
404,Mixtral,18,Female,BM,1b,0,1.45,1,0.1,-999,-999,-999,0.7,0.6,-999,-999,-999,-999,-999,-999,-999,-999,-999,-999,T3.2
405,Mixtral,18,Male,BM,1b,0,90,1,10,-999,-999,0.95,0.95,0.8,0.75,-999,-999,-999,-999,-999,-999,-999,0,0.05,T0.05
406,Mixtral,18,Male,BM,1b,0,90,1,10,-999,-999,1,1,0.8,0.95,-999,-999,-999,-999,-999,-999,-999,0,-0.15,T0.1
407,Mixtral,18,Male,BM,1b,0,90,1,10,-999,-999,0.95,0.95,0.6,0.75,-999,-999,-999,-999,-999,-999,-999,0,-0.15,T0.2
408,Mixtral,18,Male,BM,1b,0,90,1,10,-999,-999,0.9,0.95,0.6,0.75,-999,-999,-999,-999,-999,-999,-999,-0.05,-0.15,T0.3
409,Mixtral,18,Male,BM,1b,1,0.45,1,0.1,-999,-999,1,1,0.8,0.95,-999,-999,-999,-999,-999,-999,-999,0,-0.15,T0.4
410,Mixtral,18,Male,BM,1b,1,0.45,1,0.1,-999,-999,0.85,0.95,0.6,0.7,-999,-999,-999,-999,-999,-999,-999,-0.1,-0.1,T0.5
411,Mixtral,18,Male,BM,1b,0,-999,1,10,-999,-999,0.95,0.95,0.8,0.9,-999,-999,-999,-999,-999,-999,-999,0,-0.1,T0.6
412,Mixtral,18,Male,BM,1b,1,0.45,1,0.1,-999,-999,0.9,1,0.8,0.9,-999,-999,-999,-999,-999,-999,-999,-0.1,-0.1,T0.7
413,Mixtral,18,Male,BM,1b,1,0.45,0,-999,-999,-999,0.75,0.25,0.6,0.35,-999,-999,-999,-999,-999,-999,-999,0.5,0.25,T0.8
414,Mixtral,18,Male,BM,1b,1,0.45,1,0.1,-999,-999,0.75,0.9,0.8,0.95,-999,-999,-999,-999,-999,-999,-999,-0.15,-0.15,T0.9
415,Mixtral,18,Male,BM,1b,1,0.45,1,0.1,-999,-999,0.85,0.95,0.7,0.9,-999,-999,-999,-999,-999,-999,-999,-0.1,-0.2,T1
416,Mixtral,18,Male,BM,1b,0,90,1,10,-999,-999,0.95,1,0.9,0.75,-999,-999,-999,-999,-999,-999,-999,-0.05,0.15,T1.3
417,Mixtral,18,Male,BM,1b,1,45,1,0.1,-999,-999,0.9,0.99,0.65,0.95,-999,-999,-999,-999,-999,-999,-999,-0.09,-0.3,T1.6
418,Mixtral,18,Male,BM,1b,0,2,1,0.1,-999,-999,1,1,-999,0.9,-999,-999,-999,-999,-999,-999,-999,-0.999,-999,T2.4
419,Mixtral,18,Male,BM,1b,1,0.45,1,0.1,-999,-999,-999,-999,0.4,-999,-999,-999,-999,-999,-999,-999,-999,-999,-999,T3.2
420,Mixtral,18,Female,BM,2a,1,0.45,1,0.1,-999,-999,1,1,0.75,0.8,-999,-999,-999,-999,-999,-999,-999,0,-0.05,T0.05
421,Mixtral,18,Female,BM,2a,1,0.45,1,0.1,-999,-999,1,1,0.75,0.8,-999,-999,-999,-999,-999,-999,-999,0,-0.05,T0.1
422,Mixtral,18,Female,BM,2a,1,0.45,1,0.1,-999,-999,1,1,0.75,0.9,-999,-999,-999,-999,-999,-999,-999,0,-0.15,T0.2
423,Mixtral,18,Female,BM,2a,1,0.45,1,0.1,-999,-999,0.75,0.9,0.5,0.8,-999,-999,-999,-999,-999,-999,-999,-0.15,-0.3,T0.3
424,Mixtral,18,Female,BM,2a,1,0.45,1,0.1,-999,-999,0.9,1,0.75,0.95,-999,-999,-999,-999,-999,-999,-999,-0.1,-0.2,T0.4
425,Mixtral,18,Female,BM,2a,1,0.45,1,0.1,-999,-999,1,1,0.9,0.8,-999,-999,-999,-999,-999,-999,-999,0,0.1,T0.5
426,Mixtral,18,Female,BM,2a,1,0.45,1,0.1,-999,-999,0.75,1,0.5,0.8,-999,-999,-999,-999,-999,-999,-999,-0.25,-0.3,T0.6
427,Mixtral,18,Female,BM,2a,1,0.45,1,0.1,-999,-999,1,1,0.6,0.85,-999,-999,-999,-999,-999,-999,-999,0,-0.25,T0.7
428,Mixtral,18,Female,BM,2a,1,0.45,1,0.1,-999,-999,0.6,0.7,0.3,0.9,-999,-999,-999,-999,-999,-999,-999,-0.1,-0.6,T0.8
429,Mixtral,18,Female,BM,2a,1,0.45,1,0.1,-999,-999,1,1,0.7,0.95,-999,-999,-999,-999,-999,-999,-999,0,-0.25,T0.9
430,Mixtral,18,Female,BM,2a,1,0.45,1,0.1,-999,-999,1,1,0.3,0.6,-999,-999,-999,-999,-999,-999,-999,0,-0.3,T1
431,Mixtral,18,Female,BM,2a,1,0.45,1,0.1,-999,-999,0.8,1,0.3,0.85,-999,-999,-999,-999,-999,-999,-999,-0.2,-0.55,T1.3
432,Mixtral,18,Female,BM,2a,0,0.9,1,0.1,-999,-999,1,1,0.75,0.6,-999,-999,-999,-999,-999,-999,-999,0,0.15,T1.6
433,Mixtral,18,Female,BM,2a,0,0.9,1,0.1,-999,-999,1,1,0.95,0.45,-999,-999,-999,-999,-999,-999,-999,0,0.5,T2.4
434,Mixtral,18,Female,BM,2a,1,0.45,1,10,-999,-999,1,0.8,0.67,0.33,-999,-999,-999,-999,-999,-999,-999,0.2,0.34,T3.2
435,Mixtral,18,Male,BM,2a,1,0.45,1,0.1,-999,-999,1,1,0.75,0.8,-999,-999,-999,-999,-999,-999,-999,0,-0.05,T0.05
436,Mixtral,18,Male,BM,2a,1,0.45,1,0.1,-999,-999,1,1,0.75,0.8,-999,-999,-999,-999,-999,-999,-999,0,-0.05,T0.1
437,Mixtral,18,Male,BM,2a,1,0.45,1,0.1,-999,-999,1,1,0.75,0.9,-999,-999,-999,-999,-999,-999,-999,0,-0.15,T0.2
438,Mixtral,18,Male,BM,2a,1,0.45,1,0.1,-999,-999,1,1,0.5,0.75,-999,-999,-999,-999,-999,-999,-999,0,-0.25,T0.3
439,Mixtral,18,Male,BM,2a,1,0.45,1,0.1,-999,-999,1,1,0.5,0.8,-999,-999,-999,-999,-999,-999,-999,0,-0.3,T0.4
440,Mixtral,18,Male,BM,2a,1,0.45,1,0.1,-999,-999,1,1,0.75,0.99,-999,-999,-999,-999,-999,-999,-999,0,-0.24,T0.5
441,Mixtral,18,Male,BM,2a,1,0.45,1,0.1,-999,-999,0.95,0.85,0.6,0.75,-999,-999,-999,-999,-999,-999,-999,0.1,-0.15,T0.6
442,Mixtral,18,Male,BM,2a,1,0.45,1,0.1,-999,-999,1,1,0.5,0.8,-999,-999,-999,-999,-999,-999,-999,0,-0.3,T0.7
443,Mixtral,18,Male,BM,2a,0,0.9,1,0.1,-999,-999,0.9,1,0.7,0.85,-999,-999,-999,-999,-999,-999,-999,-0.1,-0.15,T0.8
444,Mixtral,18,Male,BM,2a,1,0.45,1,0.1,-999,-999,0.75,1,0.35,0.8,-999,-999,-999,-999,-999,-999,-999,-0.25,-0.45,T0.9
445,Mixtral,18,Male,BM,2a,1,0.45,1,0.1,-999,-999,0.63,1,0.5,0.9,-999,-999,-999,-999,-999,-999,-999,-0.37,-0.4,T1
446,Mixtral,18,Male,BM,2a,1,0.45,1,0.1,-999,-999,0.95,1,0.6,0.85,-999,-999,-999,-999,-999,-999,-999,-0.05,-0.25,T1.3
447,Mixtral,18,Male,BM,2a,1,0.45,1,0.1,-999,-999,0.95,1,0.75,0.85,-999,-999,-999,-999,-999,-999,-999,-0.05,-0.1,T1.6
448,Mixtral,18,Male,BM,2a,1,0.45,1,0.1,-999,-999,-999,-999,0.5,1,-999,-999,-999,-999,-999,-999,-999,-999,-0.5,T2.4
449,Mixtral,18,Male,BM,2a,0,60,1,10,-999,-999,0.5,0.75,0.85,0.95,-999,-999,-999,-999,-999,-999,-999,-0.25,-0.1,T3.2
450,Mixtral,18,Female,PE,2b,1,0.05,1,0.9,-999,-999,1,1,0.6,0.75,-999,-999,-999,-999,-999,-999,-999,0,-0.15,T0.05
451,Mixtral,18,Female,PE,2b,1,0.05,1,0.9,-999,-999,1,1,0.6,0.75,-999,-999,-999,-999,-999,-999,-999,0,-0.15,T0.1
452,Mixtral,18,Female,PE,2b,1,0.05,1,0.9,-999,-999,1,1,0.6,0.75,-999,-999,-999,-999,-999,-999,-999,0,-0.15,T0.2
453,Mixtral,18,Female,PE,2b,1,0.05,1,0.9,-999,-999,1,1,0.5,0.75,-999,-999,-999,-999,-999,-999,-999,0,-0.25,T0.3
454,Mixtral,18,Female,PE,2b,1,0.05,1,0.9,-999,-999,1,1,0.75,0.5,-999,-999,-999,-999,-999,-999,-999,0,0.25,T0.4
455,Mixtral,18,Female,PE,2b,0,10,1,90,-999,-999,1,1,0.75,0.5,-999,-999,-999,-999,-999,-999,-999,0,0.25,T0.5
456,Mixtral,18,Female,PE,2b,1,0.05,1,0.9,-999,-999,1,1,0.75,0.75,-999,-999,-999,-999,-999,-999,-999,0,0,T0.6
457,Mixtral,18,Female,PE,2b,1,0.05,1,90,-999,-999,1,1,0.6,0.8,-999,-999,-999,-999,-999,-999,-999,0.0015,-0.2,T0.7
458,Mixtral,18,Female,PE,2b,1,0.05,1,0.9,-999,-999,-999,1,-999,0.5,-999,-999,-999,-999,-999,-999,-999,-999,-999,T0.8
459,Mixtral,18,Female,PE,2b,1,0.05,1,0.9,-999,-999,1,1,0.5,0.65,-999,-999,-999,-999,-999,-999,-999,0,-0.15,T0.9
460,Mixtral,18,Female,PE,2b,1,0.05,1,0.9,-999,-999,0.9,0.9,0.4,0.5,-999,-999,-999,-999,-999,-999,-999,0,-0.1,T1
461,Mixtral,18,Female,PE,2b,1,5,1,90,-999,-999,0.7,1,0.3,0.5,-999,-999,-999,-999,-999,-999,-999,-0.3,-0.2,T1.3
462,Mixtral,18,Female,PE,2b,1,0.05,1,0.9,-999,-999,0.75,1,0.4,0.8,-999,-999,-999,-999,-999,-999,-999,-0.25,-0.4,T1.6
463,Mixtral,18,Female,PE,2b,0,0.1,1,2.9,-999,-999,0.9,1,0.675,0.75,-999,-999,-999,-999,-999,-999,-999,-0.1,-0.748,T2.4
464,Mixtral,18,Female,PE,2b,1,0.05,1,0.9,-999,-999,0.9,0.9,0.4,0.8,-999,-999,-999,-999,-999,-999,-999,0,-0.4,T3.2
465,Mixtral,18,Male,PE,2b,1,0.05,1,0.9,-999,-999,1,1,0.6,0.75,-999,-999,-999,-999,-999,-999,-999,0,-0.15,T0.05
466,Mixtral,18,Male,PE,2b,1,0.05,1,0.9,-999,-999,1,1,0.8,0.75,-999,-999,-999,-999,-999,-999,-999,0,0.05,T0.1
467,Mixtral,18,Male,PE,2b,1,0.05,1,0.9,-999,-999,1,1,0.6,0.75,-999,-999,-999,-999,-999,-999,-999,0,-0.15,T0.2
468,Mixtral,18,Male,PE,2b,1,0.05,1,0.9,-999,-999,1,1,0.8,0.95,-999,-999,-999,-999,-999,-999,-999,0,-0.15,T0.3
469,Mixtral,18,Male,PE,2b,1,0.05,1,0.9,-999,-999,1,1,0.5,0.5,-999,-999,-999,-999,-999,-999,-999,0,0,T0.4
470,Mixtral,18,Male,PE,2b,1,0.05,1,0.9,-999,-999,1,1,0.8,0.9,-999,-999,-999,-999,-999,-999,-999,0,-0.1,T0.5
471,Mixtral,18,Male,PE,2b,1,0.05,1,0.9,-999,-999,1,1,0.85,0.75,-999,-999,-999,-999,-999,-999,-999,0,0.1,T0.6
472,Mixtral,18,Male,PE,2b,1,0.05,1,0.9,-999,-999,1,1,0.75,0.75,-999,-999,-999,-999,-999,-999,-999,0,0,T0.7
473,Mixtral,18,Male,PE,2b,1,0.05,1,0.9,-999,-999,0.75,1,0.65,0.95,-999,-999,-999,-999,-999,-999,-999,-0.25,-0.3,T0.8
474,Mixtral,18,Male,PE,2b,0,0.1,1,0.9,-999,-999,1,1,0.65,0.75,-999,-999,-999,-999,-999,-999,-999,0,-0.1,T0.9
475,Mixtral,18,Male,PE,2b,1,0.05,1,0.9,-999,-999,0.75,1,0.8,0.6,-999,-999,-999,-999,-999,-999,-999,-0.25,0.2,T1
476,Mixtral,18,Male,PE,2b,1,0.05,1,0.9,-999,-999,0.7,1,0.3,0.5,-999,-999,-999,-999,-999,-999,-999,-0.3,-0.2,T1.3
477,Mixtral,18,Male,PE,2b,1,0.05,1,0.9,-999,-999,1,0.85,0.98,0.65,-999,-999,-999,-999,-999,-999,-999,0.15,0.33,T1.6
478,Mixtral,18,Male,PE,2b,0,1,1,90,-999,-999,0.75,-999,0.4,0.65,-999,-999,-999,-999,-999,-999,-999,-999,-0.25,T2.4
479,Mixtral,18,Male,PE,2b,0,10,1,0.9,-999,-999,0.9,0.9,0.65,0.75,-999,-999,-999,-999,-999,-999,-999,0,-0.1,T3.2
480,Mixtral,18,Female,PE,1a,1,0.05,1,0.9,-999,-999,0.9,1,0.7,0.8,-999,-999,-999,-999,-999,-999,-999,-0.1,-0.1,T0.05
481,Mixtral,18,Female,PE,1a,1,0.05,1,0.9,-999,-999,0.9,1,0.7,0.8,-999,-999,-999,-999,-999,-999,-999,-0.1,-0.1,T0.1
482,Mixtral,18,Female,PE,1a,1,0.05,1,0.9,-999,-999,0.9,1,0.75,0.8,-999,-999,-999,-999,-999,-999,-999,-0.1,-0.05,T0.2
483,Mixtral,18,Female,PE,1a,1,0.05,1,0.9,-999,-999,0.9,1,0.2,0.8,-999,-999,-999,-999,-999,-999,-999,-0.1,-0.6,T0.3
484,Mixtral,18,Female,PE,1a,1,0.05,1,0.9,-999,-999,0.9,1,0.6,0.8,-999,-999,-999,-999,-999,-999,-999,0.891,-0.2,T0.4
485,Mixtral,18,Female,PE,1a,1,0.05,1,0.9,-999,-999,0.9,1,0.5,0.7,-999,-999,-999,-999,-999,-999,-999,-0.1,-0.2,T0.5
486,Mixtral,18,Female,PE,1a,1,0.05,1,0.9,-999,-999,0.99,1,0.7,0.85,-999,-999,-999,-999,-999,-999,-999,-0.01,-0.15,T0.6
487,Mixtral,18,Female,PE,1a,1,0.05,1,0.9,-999,-999,1,1,0.75,0.98,-999,-999,-999,-999,-999,-999,-999,0,-0.23,T0.7
488,Mixtral,18,Female,PE,1a,0,0.1,1,0.9,-999,-999,0.9,1,0.75,0.98,-999,-999,-999,-999,-999,-999,-999,-0.1,-0.23,T0.8
489,Mixtral,18,Female,PE,1a,1,0.05,1,0.9,-999,-999,0.9,1,0.7,0.8,-999,-999,-999,-999,-999,-999,-999,-0.1,-0.1,T0.9
490,Mixtral,18,Female,PE,1a,1,0.05,1,0.9,-999,-999,0.9,0.95,0.75,0.85,-999,-999,-999,-999,-999,-999,-999,-0.05,-0.1,T1
491,Mixtral,18,Female,PE,1a,0,10,1,90,-999,-999,0.95,1,0.5,0.7,-999,-999,-999,-999,-999,-999,-999,-0.05,-0.2,T1.3
492,Mixtral,18,Female,PE,1a,1,0.05,1,2.9,-999,-999,1,1,0.675,1,-999,-999,-999,-999,-999,-999,-999,0.96,-1.75,T1.6
493,Mixtral,18,Female,PE,1a,0,1,0,1,-999,-999,0.5,0.78,0.45,0.58,-999,-999,-999,-999,-999,-999,-999,-0.28,-0.13,T2.4
494,Mixtral,18,Female,PE,1a,0,10,1,0.9,-999,-999,0.96,0.96,0.47,0.38,-999,-999,-999,-999,-999,-999,-999,0,0.09,T3.2
495,Mixtral,18,Male,PE,1a,1,0.05,1,0.9,-999,-999,0.9,1,0.7,0.8,-999,-999,-999,-999,-999,-999,-999,-0.1,-0.1,T0.05
496,Mixtral,18,Male,PE,1a,1,0.05,1,0.9,-999,-999,0.9,1,0.7,0.8,-999,-999,-999,-999,-999,-999,-999,-0.1,-0.1,T0.1
497,Mixtral,18,Male,PE,1a,1,0.05,1,0.9,-999,-999,0.9,0.95,0.7,0.8,-999,-999,-999,-999,-999,-999,-999,-0.05,-0.1,T0.2
498,Mixtral,18,Male,PE,1a,1,0.05,1,0.9,-999,-999,0.9,1,0.75,0.9,-999,-999,-999,-999,-999,-999,-999,-0.1,-0.15,T0.3
499,Mixtral,18,Male,PE,1a,1,0.05,1,90,-999,-999,0.95,1,0.65,0.85,-999,-999,-999,-999,-999,-999,-999,-0.05,-0.2,T0.4
500,Mixtral,18,Male,PE,1a,1,0.05,1,0.9,-999,-999,0.9,1,0.2,0.8,-999,-999,-999,-999,-999,-999,-999,-0.1,-0.6,T0.5
501,Mixtral,18,Male,PE,1a,0,0.1,1,0.9,-999,-999,1,1,0.75,0.85,-999,-999,-999,-999,-999,-999,-999,0,-0.1,T0.6
502,Mixtral,18,Male,PE,1a,1,0.05,1,0.9,-999,-999,0.95,1,0.7,0.8,-999,-999,-999,-999,-999,-999,-999,-0.05,-0.1,T0.7
503,Mixtral,18,Male,PE,1a,1,0.05,1,90,-999,-999,1,1,0.6,0.7,-999,-999,-999,-999,-999,-999,-999,0,-0.1,T0.8
504,Mixtral,18,Male,PE,1a,1,0.05,1,0.9,-999,-999,0.9,0.8,0.9,0.7,-999,-999,-999,-999,-999,-999,-999,0.1,0.2,T0.9
505,Mixtral,18,Male,PE,1a,0,0.1,1,0.9,-999,-999,0.95,1,0.6,0.85,-999,-999,-999,-999,-999,-999,-999,-0.05,-0.25,T1
506,Mixtral,18,Male,PE,1a,1,0.05,1,0.9,-999,-999,0.9,1,0.4,0.8,-999,-999,-999,-999,-999,-999,-999,-0.1,-0.4,T1.3
507,Mixtral,18,Male,PE,1a,0,1,1,0.9,-999,-999,1,0.75,0.5,0.4,-999,-999,-999,-999,-999,-999,-999,0.25,0.1,T1.6
508,Mixtral,18,Male,PE,1a,0,0.1,1,0.9,-999,-999,0.75,0.95,0.15,0.4,-999,-999,-999,-999,-999,-999,-999,-0.2,-0.25,T2.4
509,Mixtral,18,Male,PE,1a,0,1.1,0,20,-999,-999,1,-999,-999,-999,-999,-999,-999,-999,-999,-999,-999,-999,-999,T3.2
510,Mixtral,18,Female,BM,1b,1,0.45,1,0.1,-999,-999,1,1,0.8,0.95,-999,-999,-999,-999,-999,-999,-999,0,-0.15,T0.05
511,Mixtral,18,Female,BM,1b,1,0.45,1,0.1,-999,-999,0.75,1,0.6,0.95,-999,-999,-999,-999,-999,-999,-999,-0.25,-0.35,T0.1
512,Mixtral,18,Female,BM,1b,1,0.45,1,0.1,-999,-999,1,1,0.85,0.95,-999,-999,-999,-999,-999,-999,-999,0,-0.1,T0.2
513,Mixtral,18,Female,BM,1b,1,0.45,1,0.1,-999,-999,1,1,0.7,0.95,-999,-999,-999,-999,-999,-999,-999,0,-0.25,T0.3
514,Mixtral,18,Female,BM,1b,1,0.45,1,0.1,-999,-999,1,1,0.75,0.95,-999,-999,-999,-999,-999,-999,-999,0,-0.2,T0.4
515,Mixtral,18,Female,BM,1b,1,0.45,1,0.1,-999,-999,1,1,0.8,0.95,-999,-999,-999,-999,-999,-999,-999,0,-0.15,T0.5
516,Mixtral,18,Female,BM,1b,1,0.45,1,0.1,-999,-999,0.95,0.95,0.7,0.6,-999,-999,-999,-999,-999,-999,-999,0,0.1,T0.6
517,Mixtral,18,Female,BM,1b,1,0.45,1,0.1,-999,-999,1,0.95,0.8,0.95,-999,-999,-999,-999,-999,-999,-999,0.05,-0.15,T0.7
518,Mixtral,18,Female,BM,1b,1,0.45,1,0.1,-999,-999,0.8,1,0.33,0.99,-999,-999,-999,-999,-999,-999,-999,-0.2,-0.66,T0.8
519,Mixtral,18,Female,BM,1b,0,1,1,10,-999,-999,1,1,0.85,0.9,-999,-999,-999,-999,-999,-999,-999,0,-0.05,T0.9
520,Mixtral,18,Female,BM,1b,0,-999,1,10,-999,-999,0.9,0.95,0.8,0.7,-999,-999,-999,-999,-999,-999,-999,-0.05,0.1,T1
521,Mixtral,18,Female,BM,1b,0,0.9,1,0.1,-999,-999,0.95,0.95,0.85,0.75,-999,-999,-999,-999,-999,-999,-999,0,0.1,T1.3
522,Mixtral,18,Female,BM,1b,1,0.45,1,10,-999,-999,0.98,0.95,0.6,0.8,-999,-999,-999,-999,-999,-999,-999,0.03,-0.2,T1.6
523,Mixtral,18,Female,BM,1b,0,0.9,1,10,-999,-999,-999,1,0.8,0.95,-999,-999,-999,-999,-999,-999,-999,-999,-0.15,T2.4
524,Mixtral,18,Female,BM,1b,0,-999,1,10,-999,-999,0.97,0.95,0.48,0.63,-999,-999,-999,-999,-999,-999,-999,0.02,-0.15,T3.2
525,Mixtral,18,Male,BM,1b,0,90,1,10,-999,-999,0.95,0.95,0.8,0.75,-999,-999,-999,-999,-999,-999,-999,0,0.05,T0.05
526,Mixtral,18,Male,BM,1b,0,90,1,10,-999,-999,0.9,0.95,0.6,0.75,-999,-999,-999,-999,-999,-999,-999,-0.05,-0.15,T0.1
527,Mixtral,18,Male,BM,1b,0,30,1,10,-999,-999,0.9,0.95,0.6,0.75,-999,-999,-999,-999,-999,-999,-999,-0.05,-0.15,T0.2
528,Mixtral,18,Male,BM,1b,0,10,1,10,-999,-999,1,1,0.95,0.95,-999,-999,-999,-999,-999,-999,-999,0,0,T0.3
529,Mixtral,18,Male,BM,1b,1,45,1,10,-999,-999,0.95,1,0.75,0.9,-999,-999,-999,-999,-999,-999,-999,-0.05,-0.15,T0.4
530,Mixtral,18,Male,BM,1b,1,0.45,1,0.1,-999,-999,0.7,1,0.6,0.95,-999,-999,-999,-999,-999,-999,-999,-0.3,-0.35,T0.5
531,Mixtral,18,Male,BM,1b,1,0.45,1,0.1,-999,-999,0.95,0.9,0.65,0.75,-999,-999,-999,-999,-999,-999,-999,0.05,-0.1,T0.6
532,Mixtral,18,Male,BM,1b,1,0.45,1,0.1,-999,-999,1,1,0.85,0.95,-999,-999,-999,-999,-999,-999,-999,0,-0.1,T0.7
533,Mixtral,18,Male,BM,1b,1,0.45,1,0.1,-999,-999,0.7,0.95,0.65,0.95,-999,-999,-999,-999,-999,-999,-999,-0.25,-0.3,T0.8
534,Mixtral,18,Male,BM,1b,1,0.45,1,0.1,-999,-999,0.7,0.95,0.6,0.8,-999,-999,-999,-999,-999,-999,-999,-0.25,-0.2,T0.9
535,Mixtral,18,Male,BM,1b,1,0.45,1,0.1,-999,-999,0.7,1,0.6,0.9,-999,-999,-999,-999,-999,-999,-999,-0.3,-0.3,T1
536,Mixtral,18,Male,BM,1b,0,2,1,10,-999,-999,0.95,0.9,0.6,0.85,-999,-999,-999,-999,-999,-999,-999,0.05,-0.25,T1.3
537,Mixtral,18,Male,BM,1b,1,45,1,10,-999,-999,0.7,1,-999,0.95,-999,-999,-999,-999,-999,-999,-999,-0.3,-0.93,T1.6
538,Mixtral,18,Male,BM,1b,1,0.45,1,0.1,-999,-999,0.95,1,0.65,0.95,-999,-999,-999,-999,-999,-999,-999,-0.05,-0.3,T2.4
539,Mixtral,18,Male,BM,1b,1,0.45,1,0.1,-999,-999,0.99,1,0.5,0.5,-999,-999,-999,-999,-999,-999,-999,-0.01,-1.1,T3.2
540,Mixtral,18,Female,BM,2a,1,0.45,1,0.1,-999,-999,1,1,0.75,0.8,-999,-999,-999,-999,-999,-999,-999,0,-0.05,T0.05
541,Mixtral,18,Female,BM,2a,1,0.45,1,0.1,-999,-999,1,1,0.75,0.85,-999,-999,-999,-999,-999,-999,-999,0,-0.1,T0.1
542,Mixtral,18,Female,BM,2a,1,0.45,1,0.1,-999,-999,1,1,0.75,0.8,-999,-999,-999,-999,-999,-999,-999,0,-0.05,T0.2
543,Mixtral,18,Female,BM,2a,1,0.45,1,0.1,-999,-999,0.9,0.95,0.7,0.8,-999,-999,-999,-999,-999,-999,-999,-0.05,-0.1,T0.3
544,Mixtral,18,Female,BM,2a,1,0.45,1,0.1,-999,-999,0.9,0.95,0.7,0.85,-999,-999,-999,-999,-999,-999,-999,-0.05,-0.15,T0.4
545,Mixtral,18,Female,BM,2a,1,0.45,1,0.1,-999,-999,1,1,0.7,0.85,-999,-999,-999,-999,-999,-999,-999,0,-0.15,T0.5
546,Mixtral,18,Female,BM,2a,1,0.45,1,0.1,-999,-999,0.75,0.95,0.6,0.85,-999,-999,-999,-999,-999,-999,-999,-0.2,-0.25,T0.6
547,Mixtral,18,Female,BM,2a,1,0.45,1,0.1,-999,-999,1,1,0.75,0.85,-999,-999,-999,-999,-999,-999,-999,0,-0.1,T0.7
548,Mixtral,18,Female,BM,2a,1,0.45,1,0.1,-999,-999,0.99,1,0.95,0.98,-999,-999,-999,-999,-999,-999,-999,-0.01,-0.03,T0.8
549,Mixtral,18,Female,BM,2a,1,0.45,1,0.1,-999,-999,0.5,0.95,0.5,0.8,-999,-999,-999,-999,-999,-999,-999,-0.45,-0.3,T0.9
550,Mixtral,18,Female,BM,2a,1,0.45,1,0.1,-999,-999,1,1,0.7,0.6,-999,-999,-999,-999,-999,-999,-999,0,0.1,T1
551,Mixtral,18,Female,BM,2a,1,0.45,1,0.1,-999,-999,1,1,0.6,0.8,-999,-999,-999,-999,-999,-999,-999,0,-0.2,T1.3
552,Mixtral,18,Female,BM,2a,1,0.45,0,-999,-999,-999,1,0.05,1,0.75,-999,-999,-999,-999,-999,-999,-999,0.95,0.25,T1.6
553,Mixtral,18,Female,BM,2a,0,10,1,10,-999,-999,0.8,0.9,0.5,0.65,-999,-999,-999,-999,-999,-999,-999,-0.1,-0.15,T2.4
554,Mixtral,18,Female,BM,2a,0,25,1,10,-999,-999,0.85,0.9,0.5,0.75,-999,-999,-999,-999,-999,-999,-999,-0.05,-0.25,T3.2
555,Mixtral,18,Male,BM,2a,1,0.45,1,0.1,-999,-999,1,1,0.75,0.85,-999,-999,-999,-999,-999,-999,-999,0,-0.1,T0.05
556,Mixtral,18,Male,BM,2a,1,0.45,1,0.1,-999,-999,1,1,0.75,0.8,-999,-999,-999,-999,-999,-999,-999,0,-0.05,T0.1
557,Mixtral,18,Male,BM,2a,1,0.45,1,0.1,-999,-999,1,1,0.75,0.8,-999,-999,-999,-999,-999,-999,-999,0,-0.05,T0.2
558,Mixtral,18,Male,BM,2a,1,0.45,1,0.1,-999,-999,1,1,0.75,0.8,-999,-999,-999,-999,-999,-999,-999,0,-0.05,T0.3
559,Mixtral,18,Male,BM,2a,1,0.45,1,0.1,-999,-999,1,1,0.5,0.75,-999,-999,-999,-999,-999,-999,-999,0,-0.25,T0.4
560,Mixtral,18,Male,BM,2a,1,0.45,1,0.1,-999,-999,1,1,0.75,0.99,-999,-999,-999,-999,-999,-999,-999,0,-0.24,T0.5
561,Mixtral,18,Male,BM,2a,1,0.45,1,0.1,-999,-999,1,1,0.9,0.8,-999,-999,-999,-999,-999,-999,-999,0,0.1,T0.6
562,Mixtral,18,Male,BM,2a,1,0.45,1,0.1,-999,-999,0.9,1,0.75,0.85,-999,-999,-999,-999,-999,-999,-999,-0.1,-0.1,T0.7
563,Mixtral,18,Male,BM,2a,1,0.45,1,0.1,-999,-999,0.75,1,0.3,0.8,-999,-999,-999,-999,-999,-999,-999,-0.25,-0.5,T0.8
564,Mixtral,18,Male,BM,2a,1,45,1,10,-999,-999,1,1,0.75,0.9,-999,-999,-999,-999,-999,-999,-999,0,-0.15,T0.9
565,Mixtral,18,Male,BM,2a,1,0.45,1,0.1,-999,-999,1,1,0.75,0.95,-999,-999,-999,-999,-999,-999,-999,0,-0.2,T1
566,Mixtral,18,Male,BM,2a,0,50,1,10,-999,-999,0.9,1,0.75,0.9,-999,-999,-999,-999,-999,-999,-999,-0.1,-0.15,T1.3
567,Mixtral,18,Male,BM,2a,0,0.9,1,10,-999,-999,1,-999,0.5,0.9,-999,-999,-999,-999,-999,-999,-999,-999,-0.4,T1.6
568,Mixtral,18,Male,BM,2a,0,0.5,1,0.1,-999,-999,0.4,0.95,0.3,0.8,-999,-999,-999,-999,-999,-999,-999,-0.55,-0.5,T2.4
569,Mixtral,18,Male,BM,2a,0,0.9,1,10,-999,-999,1,1,0.7,0.85,-999,-999,-999,-999,-999,-999,-999,0,-0.15,T3.2
570,Mixtral,18,Female,PE,2b,1,0.05,1,0.9,-999,-999,1,1,0.6,0.75,-999,-999,-999,-999,-999,-999,-999,0,-0.15,T0.05
571,Mixtral,18,Female,PE,2b,1,0.05,1,0.9,-999,-999,1,1,0.6,0.75,-999,-999,-999,-999,-999,-999,-999,0,-0.15,T0.1
572,Mixtral,18,Female,PE,2b,1,0.05,1,0.9,-999,-999,1,1,0.6,0.75,-999,-999,-999,-999,-999,-999,-999,0,-0.15,T0.2
573,Mixtral,18,Female,PE,2b,1,0.05,1,0.9,-999,-999,1,1,0.65,0.75,-999,-999,-999,-999,-999,-999,-999,0,-0.1,T0.3
574,Mixtral,18,Female,PE,2b,1,0.05,1,0.9,-999,-999,1,1,0.8,0.75,-999,-999,-999,-999,-999,-999,-999,0,0.05,T0.4
575,Mixtral,18,Female,PE,2b,1,0.05,1,0.9,-999,-999,0.6,1,0.3,0.5,-999,-999,-999,-999,-999,-999,-999,-0.4,-0.2,T0.5
576,Mixtral,18,Female,PE,2b,1,0.05,1,0.9,-999,-999,1,1,0.9,0.95,-999,-999,-999,-999,-999,-999,-999,0,-0.05,T0.6
577,Mixtral,18,Female,PE,2b,1,0.05,1,0.9,-999,-999,0.7,1,0.9,1,-999,-999,-999,-999,-999,-999,-999,-0.3,-0.1,T0.7
578,Mixtral,18,Female,PE,2b,1,0.05,1,0.9,-999,-999,1,1,-999,-999,-999,-999,-999,-999,-999,-999,-999,0,-999,T0.8
579,Mixtral,18,Female,PE,2b,1,0.05,1,0.9,-999,-999,0.99,0.9,0.8,0.5,-999,-999,-999,-999,-999,-999,-999,0.09,0.3,T0.9
580,Mixtral,18,Female,PE,2b,1,0.05,1,0.9,-999,-999,1,1,0.75,0.85,-999,-999,-999,-999,-999,-999,-999,0,-0.1,T1
581,Mixtral,18,Female,PE,2b,0,1.1,1,0.9,-999,-999,0.6,1,0.225,0.5,-999,-999,-999,-999,-999,-999,-999,-0.4,-0.8,T1.3
582,Mixtral,18,Female,PE,2b,1,0.05,1,0.9,-999,-999,0.5,0.75,0.45,0.65,-999,-999,-999,-999,-999,-999,-999,-0.25,-0.2,T1.6
583,Mixtral,18,Female,PE,2b,1,5,1,0.9,-999,-999,0.85,0.6,0.65,0.9,-999,-999,-999,-999,-999,-999,-999,0.25,-0.709,T2.4
584,Mixtral,18,Female,PE,2b,1,0.05,1,0.9,-999,-999,1,1,0.35,0.95,-999,-999,-999,-999,-999,-999,-999,0,-0.6,T3.2
585,Mixtral,18,Male,PE,2b,1,0.05,1,0.9,-999,-999,1,1,0.8,0.75,-999,-999,-999,-999,-999,-999,-999,0,0.05,T0.05
586,Mixtral,18,Male,PE,2b,1,0.05,1,0.9,-999,-999,1,1,0.6,0.75,-999,-999,-999,-999,-999,-999,-999,0,-0.15,T0.1
587,Mixtral,18,Male,PE,2b,1,0.05,1,0.9,-999,-999,1,1,0.75,0.5,-999,-999,-999,-999,-999,-999,-999,0,0.25,T0.2
588,Mixtral,18,Male,PE,2b,1,5,1,90,-999,-999,1,1,0.85,0.75,-999,-999,-999,-999,-999,-999,-999,0,0.1,T0.3
589,Mixtral,18,Male,PE,2b,1,0.05,1,0.9,-999,-999,1,1,0.6,0.75,-999,-999,-999,-999,-999,-999,-999,0,-0.15,T0.4
590,Mixtral,18,Male,PE,2b,0,0.1,1,0.9,-999,-999,1,1,0.75,0.95,-999,-999,-999,-999,-999,-999,-999,0,-0.2,T0.5
591,Mixtral,18,Male,PE,2b,1,0.05,1,0.9,-999,-999,1,1,0.25,0.75,-999,-999,-999,-999,-999,-999,-999,0,-0.5,T0.6
592,Mixtral,18,Male,PE,2b,1,5,1,90,-999,-999,1,1,0.6,0.5,-999,-999,-999,-999,-999,-999,-999,0,0.1,T0.7
593,Mixtral,18,Male,PE,2b,1,0.05,1,0.9,-999,-999,0.65,0.95,0.4,0.75,-999,-999,-999,-999,-999,-999,-999,-0.3,-0.35,T0.8
594,Mixtral,18,Male,PE,2b,1,5,1,90,-999,-999,0.85,1,0.6,0.95,-999,-999,-999,-999,-999,-999,-999,-0.15,-0.35,T0.9
595,Mixtral,18,Male,PE,2b,0,1,1,0.9,-999,-999,0.7,0.9,0.6,0.8,-999,-999,-999,-999,-999,-999,-999,-0.2,-0.2,T1
596,Mixtral,18,Male,PE,2b,1,0.05,1,0.9,-999,-999,1,1,0.75,0.95,-999,-999,-999,-999,-999,-999,-999,0,-0.2,T1.3
597,Mixtral,18,Male,PE,2b,0,1,1,0.9,-999,-999,0.85,0.95,0.45,0.75,-999,-999,-999,-999,-999,-999,-999,0.841,-0.3,T1.6
598,Mixtral,18,Male,PE,2b,0,1,1,0.9,-999,-999,1,1,0.65,0.75,-999,-999,-999,-999,-999,-999,-999,0,0.1,T2.4
599,Mixtral,18,Male,PE,2b,1,0.05,1,90,-999,-999,0.98,1,0.3,0.5,-999,-999,-999,-999,-999,-999,-999,-0.02,-0.2,T3.2
